,RD_NO,CRASH_DATE_EST_I,CRASH_DATE,POSTED_SPEED_LIMIT,TRAFFIC_CONTROL_DEVICE,DEVICE_CONDITION,WEATHER_CONDITION,LIGHTING_CONDITION,FIRST_CRASH_TYPE,TRAFFICWAY_TYPE,LANE_CNT,ALIGNMENT,ROADWAY_SURFACE_COND,ROAD_DEFECT,REPORT_TYPE,CRASH_TYPE,INTERSECTION_RELATED_I,NOT_RIGHT_OF_WAY_I,HIT_AND_RUN_I,DAMAGE,DATE_POLICE_NOTIFIED,PRIM_CONTRIBUTORY_CAUSE,SEC_CONTRIBUTORY_CAUSE,STREET_NO,STREET_DIRECTION,STREET_NAME,BEAT_OF_OCCURRENCE,PHOTOS_TAKEN_I,STATEMENTS_TAKEN_I,DOORING_I,WORK_ZONE_I,WORK_ZONE_TYPE,WORKERS_PRESENT_I,NUM_UNITS,MOST_SEVERE_INJURY,INJURIES_TOTAL,INJURIES_FATAL,INJURIES_INCAPACITATING,INJURIES_NON_INCAPACITATING,INJURIES_REPORTED_NOT_EVIDENT,INJURIES_NO_INDICATION,INJURIES_UNKNOWN,CRASH_HOUR,CRASH_DAY_OF_WEEK,CRASH_MONTH,LATITUDE,LONGITUDE,LOCATION
8696,JB362807,,2018-07-24 08:11:00,30,TRAFFIC SIGNAL,FUNCTIONING PROPERLY,CLEAR,DAYLIGHT,TURNING,OTHER,,STRAIGHT AND LEVEL,DRY,NO DEFECTS,NOT ON SCENE (DESK REPORT),NO INJURY / DRIVE AWAY,Y,,,"OVER $1,500",07/24/2018 08:35:00 AM,DISREGARDING TRAFFIC SIGNALS,FAILING TO REDUCE SPEED TO AVOID CRASH,100,S,WACKER DR,122,,,,,,,2.0,NO INDICATION OF INJURY,0.0,0.0,0.0,0.0,0.0,2.0,0.0,8,3,7,41.880557025,-87.637131776,POINT (-87.637131776108 41.880557025143)
8700,JB362881,,2018-07-24 08:00:00,30,NO CONTROLS,NO CONTROLS,CLEAR,DAYLIGHT,ANGLE,ONE-WAY,3.0,STRAIGHT AND LEVEL,DRY,NO DEFECTS,ON SCENE,NO INJURY / DRIVE AWAY,,,,"OVER $1,500",07/24/2018 09:22:00 AM,FAILING TO REDUCE SPEED TO AVOID CRASH,IMPROPER OVERTAKING/PASSING,109,S,DEARBORN ST,112,,,,,,,2.0,NO INDICATION OF INJURY,0.0,0.0,0.0,0.0,0.0,3.0,0.0,8,3,7,41.880458747,-87.62921944799999,POINT (-87.629219447846 41.880458746768)
8702,JB362823,,2018-07-24 08:00:00,30,NO CONTROLS,NO CONTROLS,CLEAR,DAYLIGHT,SIDESWIPE SAME DIRECTION,DIVIDED - W/MEDIAN BARRIER,4.0,STRAIGHT AND LEVEL,DRY,NO DEFECTS,NOT ON SCENE (DESK REPORT),NO INJURY / DRIVE AWAY,,,,"OVER $1,500",07/24/2018 08:55:00 AM,FAILING TO YIELD RIGHT-OF-WAY,FAILING TO YIELD RIGHT-OF-WAY,360,S,WACKER DR,122,,,,,,,2.0,NO INDICATION OF INJURY,0.0,0.0,0.0,0.0,0.0,2.0,0.0,8,3,7,41.876871564,-87.63698795100001,POINT (-87.636987951135 41.876871564486)
8721,JB362716,Y,2018-07-24 04:55:00,30,TRAFFIC SIGNAL,FUNCTIONING PROPERLY,CLEAR,"DARKNESS, LIGHTED ROAD",ANGLE,CENTER TURN LANE,6.0,STRAIGHT AND LEVEL,DRY,NO DEFECTS,ON SCENE,INJURY AND / OR TOW DUE TO CRASH,Y,,,"OVER $1,500",07/24/2018 05:00:00 AM,DISREGARDING TRAFFIC SIGNALS,NOT APPLICABLE,44,E,CONGRESS PKWY,113,,,,,,,2.0,"REPORTED, NOT EVIDENT",1.0,0.0,0.0,0.0,1.0,1.0,0.0,4,3,7,41.875799410999996,-87.625941916,POINT (-87.625941916218 41.875799411246)
8736,JB364353,,2018-07-23 23:20:00,30,TRAFFIC SIGNAL,FUNCTIONING PROPERLY,CLEAR,DARKNESS,ANGLE,DIVIDED - W/MEDIAN BARRIER,4.0,STRAIGHT AND LEVEL,DRY,NO DEFECTS,NOT ON SCENE (DESK REPORT),NO INJURY / DRIVE AWAY,Y,,,"OVER $1,500",07/25/2018 10:20:00 AM,FAILING TO YIELD RIGHT-OF-WAY,FAILING TO YIELD RIGHT-OF-WAY,200,S,CANAL ST,121,,,,,,,2.0,NO INDICATION OF INJURY,0.0,0.0,0.0,0.0,0.0,2.0,0.0,23,2,7,41.879243556,-87.63974569700001,POINT (-87.639745696598 41.879243555911)
8763,JB362426,,2018-07-23 19:51:00,30,NO CONTROLS,NO CONTROLS,CLEAR,"DARKNESS, LIGHTED ROAD",SIDESWIPE SAME DIRECTION,ONE-WAY,4.0,STRAIGHT AND LEVEL,DRY,UNKNOWN,NOT ON SCENE (DESK REPORT),NO INJURY / DRIVE AWAY,,,,"OVER $1,500",07/23/2018 08:50:00 PM,FAILING TO YIELD RIGHT-OF-WAY,UNABLE TO DETERMINE,76,E,WASHINGTON ST,111,,,,,,,2.0,NO INDICATION OF INJURY,0.0,0.0,0.0,0.0,0.0,2.0,0.0,19,2,7,41.883334515,-87.62511055600001,POINT (-87.625110556046 41.883334514772)
8817,JB362062,,2018-07-23 16:30:00,30,STOP SIGN/FLASHER,FUNCTIONING PROPERLY,CLEAR,DAYLIGHT,ANGLE,NOT DIVIDED,2.0,STRAIGHT AND LEVEL,DRY,NO DEFECTS,NOT ON SCENE (DESK REPORT),NO INJURY / DRIVE AWAY,Y,,Y,"$501 - $1,500",07/23/2018 05:15:00 PM,FAILING TO YIELD RIGHT-OF-WAY,UNABLE TO DETERMINE,300,N,HALSTED ST,1214,,,,,,,2.0,NO INDICATION OF INJURY,0.0,0.0,0.0,0.0,0.0,2.0,0.0,16,2,7,41.886824585,-87.64765355200001,POINT (-87.647653551662 41.886824584631)
8822,JB362138,,2018-07-23 16:20:00,30,TRAFFIC SIGNAL,FUNCTIONING PROPERLY,CLEAR,DAYLIGHT,REAR END,NOT DIVIDED,4.0,STRAIGHT AND LEVEL,DRY,UNKNOWN,NOT ON SCENE (DESK REPORT),INJURY AND / OR TOW DUE TO CRASH,,,,"OVER $1,500",07/23/2018 05:35:00 PM,FOLLOWING TOO CLOSELY,UNABLE TO DETERMINE,425,N,LA SALLE DR,1831,,,,,,,2.0,"REPORTED, NOT EVIDENT",1.0,0.0,0.0,0.0,1.0,1.0,0.0,16,2,7,41.889964088,-87.632399724,POINT (-87.632399724456 41.889964087532)
8837,JB362085,,2018-07-23 15:46:00,30,TRAFFIC SIGNAL,FUNCTIONING PROPERLY,CLEAR,DAYLIGHT,SIDESWIPE SAME DIRECTION,DIVIDED - W/MEDIAN (NOT RAISED),4.0,STRAIGHT AND LEVEL,DRY,NO DEFECTS,ON SCENE,NO INJURY / DRIVE AWAY,,,,"OVER $1,500",07/23/2018 05:20:00 PM,IMPROPER LANE USAGE,NOT APPLICABLE,30,S,STATE ST,112,,,,,,,2.0,NO INDICATION OF INJURY,0.0,0.0,0.0,0.0,0.0,2.0,0.0,15,2,7,41.881292109,-87.62789190000001,POINT (-87.627891900166 41.881292109334)
8852,JB361926,,2018-07-23 15:15:00,30,TRAFFIC SIGNAL,FUNCTIONING PROPERLY,CLEAR,DAYLIGHT,SIDESWIPE SAME DIRECTION,ONE-WAY,,STRAIGHT AND LEVEL,DRY,NO DEFECTS,NOT ON SCENE (DESK REPORT),NO INJURY / DRIVE AWAY,,,,$500 OR LESS,07/23/2018 03:40:00 PM,IMPROPER LANE USAGE,NOT APPLICABLE,320,S,LOWER WACKER DR,122,,,,,,,2.0,NO INDICATION OF INJURY,0.0,0.0,0.0,0.0,0.0,2.0,0.0,15,2,7,41.877549094,-87.637046302,POINT (-87.637046301815 41.877549094079)
8855,JB362478,,2018-07-23 15:00:00,35,NO CONTROLS,NO CONTROLS,CLEAR,DAYLIGHT,PEDALCYCLIST,ONE-WAY,2.0,STRAIGHT AND LEVEL,DRY,NO DEFECTS,NOT ON SCENE (DESK REPORT),NO INJURY / DRIVE AWAY,,,Y,$500 OR LESS,07/23/2018 09:45:00 PM,IMPROPER LANE USAGE,NOT APPLICABLE,308,W,RANDOLPH ST,122,,,Y,,,,2.0,NO INDICATION OF INJURY,0.0,0.0,0.0,0.0,0.0,2.0,0.0,15,2,7,41.88457506,-87.63566952,POINT (-87.63566951963 41.88457505999)
8858,JB361967,,2018-07-23 15:00:00,30,TRAFFIC SIGNAL,FUNCTIONING PROPERLY,CLEAR,DAYLIGHT,SIDESWIPE SAME DIRECTION,ONE-WAY,,STRAIGHT AND LEVEL,DRY,NO DEFECTS,NOT ON SCENE (DESK REPORT),NO INJURY / DRIVE AWAY,,,Y,"OVER $1,500",07/23/2018 04:04:00 PM,IMPROPER LANE USAGE,NOT APPLICABLE,651,W,LAKE ST,121,,,,,,,2.0,NO INDICATION OF INJURY,0.0,0.0,0.0,0.0,0.0,2.0,0.0,15,2,7,41.885587125,-87.64481130899999,POINT (-87.644811309222 41.88558712468)
8886,JB361931,,2018-07-23 14:00:00,30,TRAFFIC SIGNAL,FUNCTIONING PROPERLY,CLEAR,DAYLIGHT,SIDESWIPE SAME DIRECTION,DIVIDED - W/MEDIAN BARRIER,2.0,STRAIGHT AND LEVEL,DRY,NO DEFECTS,NOT ON SCENE (DESK REPORT),NO INJURY / DRIVE AWAY,,,,"OVER $1,500",07/23/2018 03:40:00 PM,UNABLE TO DETERMINE,UNABLE TO DETERMINE,322,N,MICHIGAN AVE,111,,,,,,,2.0,NO INDICATION OF INJURY,0.0,0.0,0.0,0.0,0.0,2.0,0.0,14,2,7,41.887332176,-87.624696238,POINT (-87.624696237579 41.887332175638)
8890,JB361837,,2018-07-23 13:45:00,30,NO CONTROLS,NO CONTROLS,CLEAR,DAYLIGHT,SIDESWIPE SAME DIRECTION,NOT DIVIDED,,STRAIGHT AND LEVEL,DRY,NO DEFECTS,NOT ON SCENE (DESK REPORT),NO INJURY / DRIVE AWAY,,,,$500 OR LESS,07/23/2018 02:30:00 PM,IMPROPER LANE USAGE,NOT APPLICABLE,233,N,CANAL ST,1214,,,,,,,2.0,NO INDICATION OF INJURY,0.0,0.0,0.0,0.0,0.0,2.0,0.0,13,2,7,41.886776204,-87.63973772799999,POINT (-87.639737727529 41.886776204052)
8892,JB361802,,2018-07-23 13:40:00,15,NO CONTROLS,NO CONTROLS,CLEAR,DAYLIGHT,OTHER OBJECT,ALLEY,1.0,STRAIGHT AND LEVEL,DRY,NO DEFECTS,ON SCENE,NO INJURY / DRIVE AWAY,,,,"OVER $1,500",07/23/2018 02:05:00 PM,NOT APPLICABLE,NOT APPLICABLE,245,S,WABASH AVE,113,,,,,,,1.0,NO INDICATION OF INJURY,0.0,0.0,0.0,0.0,0.0,1.0,0.0,13,2,7,41.878450500999996,-87.625940465,POINT (-87.625940465074 41.878450501489)
8909,JB361701,,2018-07-23 12:35:00,30,TRAFFIC SIGNAL,FUNCTIONING PROPERLY,CLEAR,DAYLIGHT,REAR END,DIVIDED - W/MEDIAN (NOT RAISED),2.0,STRAIGHT AND LEVEL,DRY,NO DEFECTS,ON SCENE,INJURY AND / OR TOW DUE TO CRASH,Y,,,"OVER $1,500",07/23/2018 12:45:00 PM,FAILING TO REDUCE SPEED TO AVOID CRASH,DISREGARDING TRAFFIC SIGNALS,106,E,BALBO DR,114,,,,,,,3.0,NO INDICATION OF INJURY,0.0,0.0,0.0,0.0,0.0,3.0,0.0,12,2,7,41.873275293,-87.62391579700001,POINT (-87.623915796864 41.873275292986)
8929,JB361617,,2018-07-23 11:30:00,30,STOP SIGN/FLASHER,FUNCTIONING PROPERLY,CLEAR,DAYLIGHT,TURNING,DIVIDED - W/MEDIAN (NOT RAISED),2.0,STRAIGHT ON GRADE,DRY,NO DEFECTS,ON SCENE,INJURY AND / OR TOW DUE TO CRASH,Y,,,"OVER $1,500",07/23/2018 11:35:00 AM,IMPROPER TURNING/NO SIGNAL,DISTRACTION - FROM OUTSIDE VEHICLE,801,W,WAYMAN ST,1214,,,,,,,2.0,NO INDICATION OF INJURY,0.0,0.0,0.0,0.0,0.0,2.0,0.0,11,2,7,41.887281886,-87.647582823,POINT (-87.64758282256 41.887281886487)
8942,JB361510,,2018-07-23 10:30:00,30,NO CONTROLS,NO CONTROLS,CLEAR,DAYLIGHT,SIDESWIPE SAME DIRECTION,OTHER,,STRAIGHT AND LEVEL,DRY,NO DEFECTS,NOT ON SCENE (DESK REPORT),NO INJURY / DRIVE AWAY,,,,$500 OR LESS,07/23/2018 10:45:00 AM,DRIVING SKILLS/KNOWLEDGE/EXPERIENCE,UNABLE TO DETERMINE,555,S,CLARK ST,123,,,,,,,2.0,NO INDICATION OF INJURY,0.0,0.0,0.0,0.0,0.0,2.0,0.0,10,2,7,41.874645576999995,-87.63053150100001,POINT (-87.63053150113 41.874645576971)
8949,JB361552,,2018-07-23 10:10:00,30,TRAFFIC SIGNAL,FUNCTIONING PROPERLY,CLEAR,DAYLIGHT,PEDALCYCLIST,NOT DIVIDED,2.0,STRAIGHT AND LEVEL,DRY,NO DEFECTS,NOT ON SCENE (DESK REPORT),NO INJURY / DRIVE AWAY,,,N,$500 OR LESS,07/23/2018 11:15:00 AM,IMPROPER LANE USAGE,DISREGARDING ROAD MARKINGS,500,W,KINZIE ST,1214,,,,,,,2.0,NO INDICATION OF INJURY,0.0,0.0,0.0,0.0,0.0,2.0,0.0,10,2,7,41.889157789,-87.63998598799999,POINT (-87.639985987671 41.88915778909)
8960,JB361439,Y,2018-07-23 09:23:00,30,TRAFFIC SIGNAL,FUNCTIONING PROPERLY,CLEAR,DAYLIGHT,SIDESWIPE SAME DIRECTION,ONE-WAY,,STRAIGHT AND LEVEL,DRY,NO DEFECTS,ON SCENE,NO INJURY / DRIVE AWAY,,,,$500 OR LESS,07/23/2018 09:44:00 AM,UNABLE TO DETERMINE,UNABLE TO DETERMINE,202,W,WASHINGTON ST,122,,,,,,,2.0,NO INDICATION OF INJURY,0.0,0.0,0.0,0.0,0.0,2.0,0.0,9,2,7,41.883320282,-87.633988863,POINT (-87.633988863413 41.883320281541)
8979,JB361348,,2018-07-23 08:29:00,30,NO CONTROLS,UNKNOWN,CLEAR,DARKNESS,FIXED OBJECT,DIVIDED - W/MEDIAN BARRIER,4.0,STRAIGHT AND LEVEL,DRY,NO DEFECTS,ON SCENE,NO INJURY / DRIVE AWAY,,,,"OVER $1,500",07/23/2018 08:30:00 AM,FAILING TO REDUCE SPEED TO AVOID CRASH,IMPROPER LANE USAGE,152,E,LOWER RANDOLPH ST,114,,,,,,,3.0,NO INDICATION OF INJURY,0.0,0.0,0.0,0.0,0.0,3.0,0.0,8,2,7,41.884509257,-87.62255652200001,POINT (-87.62255652203 41.88450925714)
8987,JB361316,,2018-07-23 08:15:00,30,TRAFFIC SIGNAL,FUNCTIONING PROPERLY,CLEAR,DAYLIGHT,SIDESWIPE SAME DIRECTION,NOT DIVIDED,2.0,STRAIGHT AND LEVEL,DRY,UNKNOWN,NOT ON SCENE (DESK REPORT),NO INJURY / DRIVE AWAY,,,,"OVER $1,500",07/23/2018 08:35:00 AM,IMPROPER LANE USAGE,FAILING TO YIELD RIGHT-OF-WAY,531,N,KINGSBURY ST,1831,,,,,,,2.0,NO INDICATION OF INJURY,0.0,0.0,0.0,0.0,0.0,2.0,0.0,8,2,7,41.89150948,-87.639719409,POINT (-87.639719409413 41.891509480449)
8995,JB361312,,2018-07-23 07:45:00,30,NO CONTROLS,NO CONTROLS,CLEAR,DAYLIGHT,SIDESWIPE SAME DIRECTION,OTHER,,STRAIGHT AND LEVEL,DRY,NO DEFECTS,NOT ON SCENE (DESK REPORT),NO INJURY / DRIVE AWAY,,,,"$501 - $1,500",07/23/2018 08:30:00 AM,DRIVING SKILLS/KNOWLEDGE/EXPERIENCE,UNABLE TO DETERMINE,750,S,CLARK ST,123,,,,,,,2.0,NO INDICATION OF INJURY,0.0,0.0,0.0,0.0,0.0,2.0,0.0,7,2,7,41.872427651,-87.63076273600001,POINT (-87.630762735867 41.872427651254)
9005,JB361270,,2018-07-23 07:00:00,30,NO CONTROLS,NO CONTROLS,CLEAR,DAYLIGHT,TURNING,NOT DIVIDED,2.0,STRAIGHT AND LEVEL,DRY,NO DEFECTS,ON SCENE,INJURY AND / OR TOW DUE TO CRASH,,,,"OVER $1,500",07/23/2018 07:00:00 AM,IMPROPER OVERTAKING/PASSING,IMPROPER LANE USAGE,433,W,HARRISON ST,124,,,,,,,2.0,NO INDICATION OF INJURY,0.0,0.0,0.0,0.0,0.0,2.0,0.0,7,2,7,41.874301044,-87.639082121,POINT (-87.639082121332 41.874301044496)
9016,JB361209,,2018-07-23 05:06:00,30,TRAFFIC SIGNAL,FUNCTIONING PROPERLY,CLEAR,"DARKNESS, LIGHTED ROAD",ANGLE,DIVIDED - W/MEDIAN BARRIER,3.0,STRAIGHT AND LEVEL,DRY,NO DEFECTS,NOT ON SCENE (DESK REPORT),INJURY AND / OR TOW DUE TO CRASH,Y,,,"OVER $1,500",07/23/2018 05:23:00 AM,DISREGARDING TRAFFIC SIGNALS,NOT APPLICABLE,360,W,WASHINGTON ST,122,,,,,,,3.0,"REPORTED, NOT EVIDENT",1.0,0.0,0.0,0.0,1.0,3.0,0.0,5,2,7,41.883310254,-87.63710149299999,POINT (-87.637101492569 41.88331025425)
9017,JB362304,,2018-07-23 05:00:00,30,NO CONTROLS,NO CONTROLS,CLEAR,DAYLIGHT,TURNING,ONE-WAY,,STRAIGHT AND LEVEL,DRY,NO DEFECTS,NOT ON SCENE (DESK REPORT),NO INJURY / DRIVE AWAY,,,Y,"$501 - $1,500",07/23/2018 07:07:00 PM,NOT APPLICABLE,NOT APPLICABLE,188,W,RANDOLPH ST,122,,,,,,,2.0,NO INDICATION OF INJURY,0.0,0.0,0.0,0.0,0.0,2.0,0.0,5,2,7,41.884579663000004,-87.633756834,POINT (-87.633756833539 41.884579662974)
9023,JB361188,,2018-07-23 03:15:00,30,TRAFFIC SIGNAL,FUNCTIONING PROPERLY,CLEAR,"DARKNESS, LIGHTED ROAD",TURNING,ONE-WAY,2.0,STRAIGHT AND LEVEL,DRY,NO DEFECTS,ON SCENE,INJURY AND / OR TOW DUE TO CRASH,Y,,,$500 OR LESS,07/23/2018 03:56:00 AM,"OPERATING VEHICLE IN ERRATIC, RECKLESS, CARELESS, NEGLIGENT OR AGGRESSIVE MANNER",NOT APPLICABLE,240,N,CLARK ST,122,,,,,,,2.0,NONINCAPACITATING INJURY,4.0,0.0,0.0,4.0,0.0,4.0,0.0,3,2,7,41.886788064,-87.63114738799999,POINT (-87.631147388391 41.886788064498)
9045,JB361004,,2018-07-22 21:40:00,30,NO CONTROLS,NO CONTROLS,CLOUDY/OVERCAST,"DARKNESS, LIGHTED ROAD",PARKED MOTOR VEHICLE,NOT DIVIDED,4.0,STRAIGHT AND LEVEL,DRY,NO DEFECTS,ON SCENE,NO INJURY / DRIVE AWAY,,,,$500 OR LESS,07/22/2018 10:07:00 PM,DRIVING SKILLS/KNOWLEDGE/EXPERIENCE,UNABLE TO DETERMINE,550,S,COLUMBUS DR,114,,,,,,,2.0,NO INDICATION OF INJURY,0.0,0.0,0.0,0.0,0.0,1.0,0.0,21,1,7,41.874707723,-87.620735615,POINT (-87.620735615084 41.874707722754)
9087,JB360772,,2018-07-22 17:57:00,30,TRAFFIC SIGNAL,FUNCTIONING PROPERLY,CLEAR,DAYLIGHT,SIDESWIPE SAME DIRECTION,ONE-WAY,,STRAIGHT AND LEVEL,DRY,NO DEFECTS,,NO INJURY / DRIVE AWAY,,,,"OVER $1,500",07/22/2018 06:23:00 PM,IMPROPER LANE USAGE,NOT APPLICABLE,32,W,RANDOLPH ST,111,,,,,,,2.0,NO INDICATION OF INJURY,0.0,0.0,0.0,0.0,0.0,4.0,0.0,17,1,7,41.884592863,-87.629089521,POINT (-87.629089521446 41.884592862915)
9106,JB363499,,2018-07-22 16:45:00,40,NO CONTROLS,NO CONTROLS,CLEAR,DAYLIGHT,REAR END,DIVIDED - W/MEDIAN (NOT RAISED),1.0,STRAIGHT AND LEVEL,DRY,NO DEFECTS,NOT ON SCENE (DESK REPORT),INJURY AND / OR TOW DUE TO CRASH,,,,"$501 - $1,500",07/24/2018 04:45:00 PM,UNABLE TO DETERMINE,NOT APPLICABLE,500,S,LOWER WACKER DR,123,,,,,,,2.0,"REPORTED, NOT EVIDENT",1.0,0.0,0.0,0.0,1.0,1.0,0.0,16,1,7,41.875461621,-87.636027349,POINT (-87.636027349495 41.875461621165)
9140,JB360552,,2018-07-22 14:41:00,35,UNKNOWN,UNKNOWN,CLEAR,DAYLIGHT,TURNING,ONE-WAY,6.0,STRAIGHT AND LEVEL,WET,UNKNOWN,ON SCENE,INJURY AND / OR TOW DUE TO CRASH,Y,,,"OVER $1,500",07/22/2018 02:53:00 PM,FAILING TO REDUCE SPEED TO AVOID CRASH,NOT APPLICABLE,500,W,WASHINGTON BLVD,121,,,,,,,2.0,INCAPACITATING INJURY,1.0,0.0,1.0,0.0,0.0,1.0,0.0,14,1,7,41.88329092,-87.639784759,POINT (-87.639784758898 41.883290920413)
9155,JB360429,,2018-07-22 13:02:00,30,TRAFFIC SIGNAL,FUNCTIONING PROPERLY,CLEAR,DAYLIGHT,TURNING,DIVIDED - W/MEDIAN BARRIER,4.0,STRAIGHT AND LEVEL,WET,NO DEFECTS,NOT ON SCENE (DESK REPORT),INJURY AND / OR TOW DUE TO CRASH,,,,"OVER $1,500",07/22/2018 01:02:00 PM,FAILING TO YIELD RIGHT-OF-WAY,NOT APPLICABLE,399,S,STATE ST,113,,,,,,,2.0,"REPORTED, NOT EVIDENT",1.0,0.0,0.0,0.0,1.0,2.0,0.0,13,1,7,41.876994246,-87.62750704,POINT (-87.627507040393 41.876994246236)
9204,JB360444,,2018-07-22 10:20:00,30,TRAFFIC SIGNAL,FUNCTIONING PROPERLY,RAIN,DAYLIGHT,TURNING,ONE-WAY,4.0,STRAIGHT AND LEVEL,WET,NO DEFECTS,,NO INJURY / DRIVE AWAY,Y,,,"OVER $1,500",07/22/2018 01:20:00 PM,IMPROPER TURNING/NO SIGNAL,NOT APPLICABLE,53,W,RANDOLPH ST,111,,,,,,,2.0,NO INDICATION OF INJURY,0.0,0.0,0.0,0.0,0.0,2.0,0.0,10,1,7,41.884371631,-87.629929097,POINT (-87.629929097225 41.884371630772)
9258,JB360014,,2018-07-22 03:30:00,30,NO CONTROLS,NO CONTROLS,RAIN,DARKNESS,SIDESWIPE OPPOSITE DIRECTION,NOT DIVIDED,2.0,STRAIGHT AND LEVEL,WET,UNKNOWN,NOT ON SCENE (DESK REPORT),NO INJURY / DRIVE AWAY,,,,"$501 - $1,500",07/22/2018 03:47:00 AM,NOT APPLICABLE,NOT APPLICABLE,26,W,HUBBARD ST,1831,,,,,,,3.0,NO INDICATION OF INJURY,0.0,0.0,0.0,0.0,0.0,3.0,0.0,3,1,7,41.890158699000004,-87.629000582,POINT (-87.629000581527 41.890158698722)
9295,JB359893,,2018-07-22 00:30:00,30,TRAFFIC SIGNAL,FUNCTIONING PROPERLY,CLEAR,"DARKNESS, LIGHTED ROAD",PARKED MOTOR VEHICLE,NOT DIVIDED,,STRAIGHT AND LEVEL,DRY,NO DEFECTS,ON SCENE,INJURY AND / OR TOW DUE TO CRASH,,,,"OVER $1,500",07/22/2018 12:36:00 AM,EXCEEDING AUTHORIZED SPEED LIMIT,FAILING TO REDUCE SPEED TO AVOID CRASH,98,W,KINZIE ST,1831,,,,,,,2.0,NO INDICATION OF INJURY,0.0,0.0,0.0,0.0,0.0,1.0,0.0,0,1,7,41.88932167,-87.63098602299999,POINT (-87.630986022954 41.889321670463)
9314,JB359852,,2018-07-21 23:17:00,30,TRAFFIC SIGNAL,FUNCTIONING PROPERLY,RAIN,"DARKNESS, LIGHTED ROAD",REAR END,ONE-WAY,2.0,STRAIGHT AND LEVEL,WET,NO DEFECTS,NOT ON SCENE (DESK REPORT),NO INJURY / DRIVE AWAY,,,,"$501 - $1,500",07/21/2018 11:17:00 PM,FOLLOWING TOO CLOSELY,NOT APPLICABLE,500,S,DEARBORN ST,123,,,,,,,2.0,NO INDICATION OF INJURY,0.0,0.0,0.0,0.0,0.0,2.0,0.0,23,7,7,41.87556911,-87.629383226,POINT (-87.629383225868 41.875569109604)
9323,JB359832,,2018-07-21 22:45:00,35,STOP SIGN/FLASHER,FUNCTIONING PROPERLY,CLEAR,"DARKNESS, LIGHTED ROAD",ANGLE,OTHER,4.0,STRAIGHT AND LEVEL,WET,NO DEFECTS,ON SCENE,INJURY AND / OR TOW DUE TO CRASH,Y,,,"OVER $1,500",07/21/2018 10:46:00 PM,DISREGARDING STOP SIGN,NOT APPLICABLE,430,N,HALSTED ST,1214,,Y,,,,,2.0,NO INDICATION OF INJURY,0.0,0.0,0.0,0.0,0.0,2.0,0.0,22,7,7,41.890077898,-87.64775609,POINT (-87.647756089786 41.89007789797)
9346,JB359828,Y,2018-07-21 21:00:00,30,NO CONTROLS,NO CONTROLS,OTHER,UNKNOWN,PARKED MOTOR VEHICLE,PARKING LOT,,CURVE ON GRADE,UNKNOWN,NO DEFECTS,ON SCENE,INJURY AND / OR TOW DUE TO CRASH,,Y,Y,"OVER $1,500",07/21/2018 09:59:00 PM,UNABLE TO DETERMINE,UNABLE TO DETERMINE,201,S,WELLS ST,122,,,,,,,2.0,NO INDICATION OF INJURY,0.0,0.0,0.0,0.0,0.0,1.0,0.0,21,7,7,41.879350599,-87.63360801,POINT (-87.633608010212 41.87935059928)
9352,JB359712,,2018-07-21 20:38:00,30,NO CONTROLS,NO CONTROLS,RAIN,"DARKNESS, LIGHTED ROAD",REAR END,NOT DIVIDED,2.0,STRAIGHT AND LEVEL,WET,NO DEFECTS,NOT ON SCENE (DESK REPORT),NO INJURY / DRIVE AWAY,,,,"$501 - $1,500",07/21/2018 09:38:00 PM,FOLLOWING TOO CLOSELY,EQUIPMENT - VEHICLE CONDITION,1,N,HALSTED ST,1224,Y,Y,,,,,2.0,NO INDICATION OF INJURY,0.0,0.0,0.0,0.0,0.0,3.0,0.0,20,7,7,41.881815632,-87.64721471700001,POINT (-87.647214717041 41.881815631642)