,RD_NO,CRASH_DATE_EST_I,CRASH_DATE,POSTED_SPEED_LIMIT,TRAFFIC_CONTROL_DEVICE,DEVICE_CONDITION,WEATHER_CONDITION,LIGHTING_CONDITION,FIRST_CRASH_TYPE,TRAFFICWAY_TYPE,LANE_CNT,ALIGNMENT,ROADWAY_SURFACE_COND,ROAD_DEFECT,REPORT_TYPE,CRASH_TYPE,INTERSECTION_RELATED_I,NOT_RIGHT_OF_WAY_I,HIT_AND_RUN_I,DAMAGE,DATE_POLICE_NOTIFIED,PRIM_CONTRIBUTORY_CAUSE,SEC_CONTRIBUTORY_CAUSE,STREET_NO,STREET_DIRECTION,STREET_NAME,BEAT_OF_OCCURRENCE,PHOTOS_TAKEN_I,STATEMENTS_TAKEN_I,DOORING_I,WORK_ZONE_I,WORK_ZONE_TYPE,WORKERS_PRESENT_I,NUM_UNITS,MOST_SEVERE_INJURY,INJURIES_TOTAL,INJURIES_FATAL,INJURIES_INCAPACITATING,INJURIES_NON_INCAPACITATING,INJURIES_REPORTED_NOT_EVIDENT,INJURIES_NO_INDICATION,INJURIES_UNKNOWN,CRASH_HOUR,CRASH_DAY_OF_WEEK,CRASH_MONTH,LATITUDE,LONGITUDE,LOCATION
9386,JB359677,,2018-07-21 18:00:00,30,NO CONTROLS,NO CONTROLS,CLEAR,DAYLIGHT,SIDESWIPE SAME DIRECTION,NOT DIVIDED,3.0,STRAIGHT AND LEVEL,DRY,UNKNOWN,NOT ON SCENE (DESK REPORT),NO INJURY / DRIVE AWAY,,,,"OVER $1,500",07/21/2018 07:10:00 PM,IMPROPER LANE USAGE,NOT APPLICABLE,471,W,ADAMS ST,121,,,,,,,2.0,NO INDICATION OF INJURY,0.0,0.0,0.0,0.0,0.0,2.0,0.0,18,7,7,41.879203111,-87.639551821,POINT (-87.639551821383 41.879203111052)
9403,JB359500,,2018-07-21 17:38:00,30,NO CONTROLS,NO CONTROLS,CLEAR,DAYLIGHT,SIDESWIPE SAME DIRECTION,NOT DIVIDED,,STRAIGHT AND LEVEL,DRY,NO DEFECTS,NOT ON SCENE (DESK REPORT),NO INJURY / DRIVE AWAY,,,,"$501 - $1,500",07/21/2018 06:10:00 PM,IMPROPER LANE USAGE,NOT APPLICABLE,454,W,GRAND AVE,1831,,,,,,,2.0,NO INDICATION OF INJURY,0.0,0.0,0.0,0.0,0.0,5.0,0.0,17,7,7,41.891562673,-87.64063962700001,POINT (-87.640639626911 41.891562673398)
9405,JB364963,,2018-07-21 17:30:00,30,NO CONTROLS,NO CONTROLS,CLEAR,DAYLIGHT,FIXED OBJECT,NOT DIVIDED,,STRAIGHT AND LEVEL,DRY,NO DEFECTS,NOT ON SCENE (DESK REPORT),NO INJURY / DRIVE AWAY,,,,$500 OR LESS,07/25/2018 05:26:00 PM,UNABLE TO DETERMINE,UNABLE TO DETERMINE,333,N,WABASH AVE,1834,,,,,,,1.0,NO INDICATION OF INJURY,0.0,0.0,0.0,0.0,0.0,1.0,0.0,17,7,7,41.888123998000005,-87.626824625,POINT (-87.626824625253 41.888123998431)
9441,JB361591,,2018-07-21 16:03:00,30,TRAFFIC SIGNAL,FUNCTIONING PROPERLY,UNKNOWN,DAYLIGHT,SIDESWIPE SAME DIRECTION,ONE-WAY,3.0,STRAIGHT AND LEVEL,UNKNOWN,UNKNOWN,NOT ON SCENE (DESK REPORT),NO INJURY / DRIVE AWAY,,,Y,"OVER $1,500",07/22/2018 11:45:00 AM,UNABLE TO DETERMINE,UNABLE TO DETERMINE,30,E,MONROE ST,112,,,,,,,2.0,NO INDICATION OF INJURY,0.0,0.0,0.0,0.0,0.0,2.0,0.0,16,7,7,41.880891268,-87.62667427,POINT (-87.62667426974 41.880891268377)
9465,JB359271,,2018-07-21 15:00:00,35,TRAFFIC SIGNAL,FUNCTIONING PROPERLY,CLEAR,DAYLIGHT,SIDESWIPE SAME DIRECTION,ONE-WAY,,STRAIGHT AND LEVEL,DRY,NO DEFECTS,NOT ON SCENE (DESK REPORT),NO INJURY / DRIVE AWAY,Y,,Y,$500 OR LESS,07/21/2018 03:13:00 PM,NOT APPLICABLE,NOT APPLICABLE,163,S,CANAL ST,121,,,,,,,2.0,NO INDICATION OF INJURY,0.0,0.0,0.0,0.0,0.0,2.0,0.0,15,7,7,41.879381666,-87.639460781,POINT (-87.639460780952 41.879381665679)
9466,JB359253,,2018-07-21 14:50:00,30,TRAFFIC SIGNAL,FUNCTIONING PROPERLY,CLEAR,DAYLIGHT,SIDESWIPE SAME DIRECTION,DIVIDED - W/MEDIAN (NOT RAISED),6.0,STRAIGHT AND LEVEL,DRY,NO DEFECTS,ON SCENE,NO INJURY / DRIVE AWAY,,,,"$501 - $1,500",07/21/2018 03:06:00 PM,DISREGARDING ROAD MARKINGS,IMPROPER OVERTAKING/PASSING,40,E,CONGRESS PKWY,113,,,,,,,2.0,NO INDICATION OF INJURY,0.0,0.0,0.0,0.0,0.0,2.0,0.0,14,7,7,41.875796371,-87.626139763,POINT (-87.62613976308 41.875796371188)
9487,JB359515,,2018-07-21 13:50:00,30,NO CONTROLS,NO CONTROLS,CLEAR,DAYLIGHT,REAR END,ONE-WAY,3.0,STRAIGHT AND LEVEL,DRY,NO DEFECTS,NOT ON SCENE (DESK REPORT),NO INJURY / DRIVE AWAY,,,,"OVER $1,500",07/21/2018 06:28:00 PM,FOLLOWING TOO CLOSELY,NOT APPLICABLE,1,N,CLINTON ST,121,,,,,,,2.0,NO INDICATION OF INJURY,0.0,0.0,0.0,0.0,0.0,3.0,0.0,13,7,7,41.881928426,-87.64104807,POINT (-87.641048070427 41.881928426393)
9494,JB359173,,2018-07-21 13:33:00,30,NO CONTROLS,NO CONTROLS,CLEAR,DAYLIGHT,SIDESWIPE OPPOSITE DIRECTION,ONE-WAY,2.0,STRAIGHT AND LEVEL,DRY,NO DEFECTS,NOT ON SCENE (DESK REPORT),NO INJURY / DRIVE AWAY,,,,"OVER $1,500",07/21/2018 01:50:00 PM,IMPROPER BACKING,DRIVING SKILLS/KNOWLEDGE/EXPERIENCE,769,W,JACKSON BLVD,1232,,,,,,,2.0,NO INDICATION OF INJURY,0.0,0.0,0.0,0.0,0.0,2.0,0.0,13,7,7,41.877843584000004,-87.646781834,POINT (-87.646781834111 41.877843584048)
9505,JB359267,,2018-07-21 13:10:00,30,NO CONTROLS,NO CONTROLS,CLEAR,DAYLIGHT,SIDESWIPE SAME DIRECTION,DIVIDED - W/MEDIAN BARRIER,6.0,STRAIGHT AND LEVEL,DRY,UNKNOWN,NOT ON SCENE (DESK REPORT),NO INJURY / DRIVE AWAY,,,,"OVER $1,500",07/21/2018 03:02:00 PM,IMPROPER LANE USAGE,NOT APPLICABLE,361,N,MICHIGAN AVE,114,,,,,,,2.0,NO INDICATION OF INJURY,0.0,0.0,0.0,0.0,0.0,2.0,0.0,13,7,7,41.888102774000004,-87.62440628600001,POINT (-87.624406286344 41.888102773694)
9523,JB359107,,2018-07-21 12:30:00,30,TRAFFIC SIGNAL,FUNCTIONING PROPERLY,CLOUDY/OVERCAST,DAYLIGHT,TURNING,ONE-WAY,,STRAIGHT AND LEVEL,DRY,NO DEFECTS,,NO INJURY / DRIVE AWAY,Y,,,"$501 - $1,500",07/21/2018 01:12:00 PM,IMPROPER LANE USAGE,NOT APPLICABLE,547,W,MADISON ST,121,,,,,,,2.0,NO INDICATION OF INJURY,0.0,0.0,0.0,0.0,0.0,2.0,0.0,12,7,7,41.881741186999996,-87.64149711600001,POINT (-87.641497116454 41.881741186997)
9526,JB359065,,2018-07-21 12:15:00,30,TRAFFIC SIGNAL,FUNCTIONING PROPERLY,RAIN,DAYLIGHT,TURNING,CENTER TURN LANE,,STRAIGHT AND LEVEL,WET,NO DEFECTS,ON SCENE,INJURY AND / OR TOW DUE TO CRASH,Y,,,"OVER $1,500",07/21/2018 12:32:00 PM,FAILING TO YIELD RIGHT-OF-WAY,WEATHER,101,N,WACKER DR,122,,Y,,,,,2.0,NO INDICATION OF INJURY,0.0,0.0,0.0,0.0,0.0,2.0,0.0,12,7,7,41.883234348,-87.636649062,POINT (-87.636649061859 41.883234347768)
9530,JB359055,,2018-07-21 11:54:00,30,TRAFFIC SIGNAL,FUNCTIONING PROPERLY,RAIN,DAYLIGHT,PEDALCYCLIST,DIVIDED - W/MEDIAN BARRIER,3.0,STRAIGHT AND LEVEL,WET,NO DEFECTS,ON SCENE,INJURY AND / OR TOW DUE TO CRASH,Y,,,"$501 - $1,500",07/21/2018 11:54:00 AM,FAILING TO YIELD RIGHT-OF-WAY,"VISION OBSCURED (SIGNS, TREE LIMBS, BUILDINGS, ETC.)",1,S,MICHIGAN AVE,114,,,,,,,2.0,NONINCAPACITATING INJURY,1.0,0.0,0.0,1.0,0.0,2.0,0.0,11,7,7,41.882048398,-87.62421733,POINT (-87.62421733025 41.882048397571)
9551,JB358974,,2018-07-21 10:20:00,30,TRAFFIC SIGNAL,FUNCTIONING PROPERLY,RAIN,DAYLIGHT,REAR END,ONE-WAY,4.0,STRAIGHT AND LEVEL,WET,NO DEFECTS,ON SCENE,NO INJURY / DRIVE AWAY,,,,"$501 - $1,500",07/21/2018 10:21:00 AM,FAILING TO REDUCE SPEED TO AVOID CRASH,FOLLOWING TOO CLOSELY,57,E,WASHINGTON ST,112,,,,,,,2.0,NO INDICATION OF INJURY,0.0,0.0,0.0,0.0,0.0,2.0,0.0,10,7,7,41.883111805,-87.625784235,POINT (-87.625784234932 41.883111805442)
9556,JB358949,,2018-07-21 10:10:00,30,TRAFFIC SIGNAL,FUNCTIONING PROPERLY,RAIN,DAYLIGHT,SIDESWIPE SAME DIRECTION,ONE-WAY,3.0,STRAIGHT AND LEVEL,WET,NO DEFECTS,ON SCENE,INJURY AND / OR TOW DUE TO CRASH,,,Y,"OVER $1,500",07/21/2018 10:14:00 AM,UNDER THE INFLUENCE OF ALCOHOL/DRUGS (USE WHEN ARREST IS EFFECTED),NOT APPLICABLE,500,W,RANDOLPH ST,121,,Y,,,,,2.0,NO INDICATION OF INJURY,0.0,0.0,0.0,0.0,0.0,4.0,0.0,10,7,7,41.884551613,-87.639874241,POINT (-87.639874240945 41.884551612703)
9599,JB358878,Y,2018-07-21 07:45:00,30,NO CONTROLS,NO CONTROLS,RAIN,DAYLIGHT,PARKED MOTOR VEHICLE,NOT DIVIDED,,STRAIGHT AND LEVEL,WET,NO DEFECTS,NOT ON SCENE (DESK REPORT),NO INJURY / DRIVE AWAY,,,Y,"$501 - $1,500",07/21/2018 09:49:00 AM,NOT APPLICABLE,NOT APPLICABLE,350,W,HUBBARD ST,1831,,,,,,,2.0,NO INDICATION OF INJURY,0.0,0.0,0.0,0.0,0.0,1.0,0.0,7,7,7,41.890047249,-87.63746738200001,POINT (-87.63746738177 41.890047248889)
9617,JB358697,,2018-07-21 04:20:00,30,TRAFFIC SIGNAL,FUNCTIONING PROPERLY,RAIN,DARKNESS,ANGLE,NOT DIVIDED,,STRAIGHT AND LEVEL,WET,NO DEFECTS,ON SCENE,INJURY AND / OR TOW DUE TO CRASH,Y,,,"OVER $1,500",07/21/2018 04:30:00 AM,UNABLE TO DETERMINE,UNABLE TO DETERMINE,150,W,RANDOLPH ST,122,,,,,,,2.0,"REPORTED, NOT EVIDENT",1.0,0.0,0.0,0.0,1.0,2.0,0.0,4,7,7,41.884582656,-87.63250801,POINT (-87.632508009736 41.884582656121)
9619,JB358909,,2018-07-21 04:00:00,0,NO CONTROLS,NO CONTROLS,RAIN,"DARKNESS, LIGHTED ROAD",PARKED MOTOR VEHICLE,NOT DIVIDED,,STRAIGHT AND LEVEL,WET,NO DEFECTS,NOT ON SCENE (DESK REPORT),NO INJURY / DRIVE AWAY,,,,"OVER $1,500",07/21/2018 10:15:00 AM,IMPROPER LANE USAGE,DRIVING SKILLS/KNOWLEDGE/EXPERIENCE,510,W,GRAND AVE,1214,,,,,,,2.0,NO INDICATION OF INJURY,0.0,0.0,0.0,0.0,0.0,1.0,0.0,4,7,7,41.891514687,-87.641285916,POINT (-87.641285915708 41.891514687191)
9654,JB358587,,2018-07-21 00:35:00,30,TRAFFIC SIGNAL,FUNCTIONING PROPERLY,RAIN,"DARKNESS, LIGHTED ROAD",PEDALCYCLIST,DIVIDED - W/MEDIAN (NOT RAISED),3.0,STRAIGHT AND LEVEL,WET,UNKNOWN,ON SCENE,INJURY AND / OR TOW DUE TO CRASH,,,,"OVER $1,500",07/21/2018 01:01:00 AM,IMPROPER LANE USAGE,NOT APPLICABLE,520,S,MICHIGAN AVE,123,,,,,,,2.0,NONINCAPACITATING INJURY,1.0,0.0,0.0,1.0,0.0,1.0,0.0,0,7,7,41.875259826,-87.624396674,POINT (-87.624396673836 41.875259825819)
9664,JB358579,,2018-07-20 23:15:00,30,TRAFFIC SIGNAL,FUNCTIONING PROPERLY,CLEAR,"DARKNESS, LIGHTED ROAD",TURNING,DIVIDED - W/MEDIAN (NOT RAISED),6.0,STRAIGHT AND LEVEL,WET,NO DEFECTS,NOT ON SCENE (DESK REPORT),NO INJURY / DRIVE AWAY,Y,,,"$501 - $1,500",07/21/2018 01:00:00 AM,EQUIPMENT - VEHICLE CONDITION,DISREGARDING ROAD MARKINGS,700,S,COLUMBUS DR,114,,,,,,,2.0,NO INDICATION OF INJURY,0.0,0.0,0.0,0.0,0.0,7.0,0.0,23,6,7,41.873148326999996,-87.62073886,POINT (-87.620738859591 41.873148327225)
9670,JB358539,,2018-07-20 23:00:00,30,TRAFFIC SIGNAL,FUNCTIONING IMPROPERLY,CLEAR,"DARKNESS, LIGHTED ROAD",REAR END,CENTER TURN LANE,4.0,STRAIGHT AND LEVEL,DRY,NO DEFECTS,NOT ON SCENE (DESK REPORT),INJURY AND / OR TOW DUE TO CRASH,,,,"OVER $1,500",07/21/2018 12:10:00 AM,FAILING TO REDUCE SPEED TO AVOID CRASH,FOLLOWING TOO CLOSELY,400,S,MICHIGAN AVE,113,,,,,,,3.0,NONINCAPACITATING INJURY,1.0,0.0,0.0,1.0,0.0,3.0,0.0,23,6,7,41.876938012,-87.62443661799999,POINT (-87.624436617945 41.876938011523)
9672,JB358485,,2018-07-20 23:00:00,30,NO CONTROLS,NO CONTROLS,RAIN,"DARKNESS, LIGHTED ROAD",REAR END,NOT DIVIDED,2.0,STRAIGHT AND LEVEL,WET,NO DEFECTS,NOT ON SCENE (DESK REPORT),NO INJURY / DRIVE AWAY,,,Y,$500 OR LESS,07/20/2018 11:15:00 PM,FAILING TO YIELD RIGHT-OF-WAY,NOT APPLICABLE,111,W,HUBBARD ST,1831,,,,,,,2.0,NO INDICATION OF INJURY,0.0,0.0,0.0,0.0,0.0,3.0,0.0,23,6,7,41.889904428,-87.631592489,POINT (-87.631592488569 41.88990442842)
9681,JB358468,,2018-07-20 22:20:00,30,TRAFFIC SIGNAL,OTHER,RAIN,"DARKNESS, LIGHTED ROAD",ANGLE,NOT DIVIDED,5.0,STRAIGHT AND LEVEL,WET,NO DEFECTS,,INJURY AND / OR TOW DUE TO CRASH,Y,,,"OVER $1,500",07/20/2018 10:35:00 PM,UNABLE TO DETERMINE,UNABLE TO DETERMINE,300,S,FRANKLIN ST,122,,,,,,,2.0,INCAPACITATING INJURY,2.0,0.0,2.0,0.0,0.0,3.0,0.0,22,6,7,41.878038267,-87.635349437,POINT (-87.635349437018 41.878038266728)
9682,JB358472,,2018-07-20 22:15:00,30,NO CONTROLS,NO CONTROLS,RAIN,"DARKNESS, LIGHTED ROAD",REAR END,NOT DIVIDED,2.0,STRAIGHT AND LEVEL,WET,NO DEFECTS,NOT ON SCENE (DESK REPORT),INJURY AND / OR TOW DUE TO CRASH,,,Y,"$501 - $1,500",07/20/2018 10:50:00 PM,FOLLOWING TOO CLOSELY,NOT APPLICABLE,642,S,CLARK ST,123,,,,,,,2.0,NONINCAPACITATING INJURY,1.0,0.0,0.0,1.0,0.0,1.0,0.0,22,6,7,41.873710736,-87.630797095,POINT (-87.630797095474 41.873710735982)
9688,JB358441,,2018-07-20 22:00:00,35,NO CONTROLS,NO CONTROLS,CLEAR,"DARKNESS, LIGHTED ROAD",SIDESWIPE SAME DIRECTION,NOT DIVIDED,4.0,STRAIGHT AND LEVEL,DRY,NO DEFECTS,NOT ON SCENE (DESK REPORT),NO INJURY / DRIVE AWAY,,,,"OVER $1,500",07/20/2018 10:45:00 PM,IMPROPER LANE USAGE,NOT APPLICABLE,200,W,LOWER WACKER DR,122,,,,,,,2.0,NO INDICATION OF INJURY,0.0,0.0,0.0,0.0,0.0,2.0,0.0,22,6,7,41.887068779,-87.634007958,POINT (-87.634007958314 41.88706877922)
9694,JB368921,,2018-07-20 21:15:00,30,TRAFFIC SIGNAL,FUNCTIONING PROPERLY,CLEAR,DARKNESS,ANGLE,OTHER,,STRAIGHT AND LEVEL,DRY,NO DEFECTS,NOT ON SCENE (DESK REPORT),NO INJURY / DRIVE AWAY,,,Y,"$501 - $1,500",07/28/2018 12:15:00 PM,DRIVING SKILLS/KNOWLEDGE/EXPERIENCE,UNABLE TO DETERMINE,1,N,WACKER DR,122,,,,,,,2.0,NO INDICATION OF INJURY,0.0,0.0,0.0,0.0,0.0,2.0,0.0,21,6,7,41.881951876,-87.636620349,POINT (-87.636620349402 41.881951876486)
9707,JB358512,,2018-07-20 20:45:00,30,TRAFFIC SIGNAL,FUNCTIONING PROPERLY,RAIN,"DARKNESS, LIGHTED ROAD",SIDESWIPE SAME DIRECTION,NOT DIVIDED,2.0,STRAIGHT AND LEVEL,WET,NO DEFECTS,NOT ON SCENE (DESK REPORT),NO INJURY / DRIVE AWAY,Y,,Y,"OVER $1,500",07/20/2018 11:30:00 PM,IMPROPER TURNING/NO SIGNAL,NOT APPLICABLE,430,N,STATE ST,1831,,,,,,,2.0,NO INDICATION OF INJURY,0.0,0.0,0.0,0.0,0.0,3.0,0.0,20,6,7,41.89010221,-87.628157227,POINT (-87.628157226975 41.890102210411)
9767,JB358948,,2018-07-20 17:30:00,30,STOP SIGN/FLASHER,FUNCTIONING PROPERLY,CLEAR,DAYLIGHT,SIDESWIPE SAME DIRECTION,ONE-WAY,2.0,STRAIGHT AND LEVEL,DRY,NO DEFECTS,NOT ON SCENE (DESK REPORT),NO INJURY / DRIVE AWAY,Y,,,"$501 - $1,500",07/21/2018 10:53:00 AM,IMPROPER LANE USAGE,EXCEEDING SAFE SPEED FOR CONDITIONS,48,N,DESPLAINES ST,121,,,,,,,2.0,NO INDICATION OF INJURY,0.0,0.0,0.0,0.0,0.0,3.0,0.0,17,6,7,41.883129481,-87.64431213,POINT (-87.644312129538 41.88312948059)
9795,JB358123,,2018-07-20 16:30:00,30,TRAFFIC SIGNAL,FUNCTIONING PROPERLY,CLEAR,DAYLIGHT,TURNING,DIVIDED - W/MEDIAN BARRIER,4.0,STRAIGHT AND LEVEL,DRY,NO DEFECTS,NOT ON SCENE (DESK REPORT),NO INJURY / DRIVE AWAY,Y,,Y,"OVER $1,500",07/20/2018 06:00:00 PM,DISREGARDING TRAFFIC SIGNALS,TURNING RIGHT ON RED,227,N,STATE ST,111,,,,,,,2.0,NO INDICATION OF INJURY,0.0,0.0,0.0,0.0,0.0,2.0,0.0,16,6,7,41.886467024,-87.627809648,POINT (-87.627809647585 41.886467023912)
9840,JB364401,,2018-07-20 14:30:00,30,NO CONTROLS,NO CONTROLS,CLEAR,DAYLIGHT,ANGLE,NOT DIVIDED,,STRAIGHT AND LEVEL,DRY,NO DEFECTS,NOT ON SCENE (DESK REPORT),NO INJURY / DRIVE AWAY,,,,"OVER $1,500",07/25/2018 11:00:00 AM,NOT APPLICABLE,NOT APPLICABLE,735,W,ADAMS ST,1232,,,,,,,2.0,NO INDICATION OF INJURY,0.0,0.0,0.0,0.0,0.0,2.0,0.0,14,6,7,41.879129569,-87.645610996,POINT (-87.645610995779 41.879129568554)
9857,JB357973,,2018-07-20 14:05:00,30,TRAFFIC SIGNAL,FUNCTIONING PROPERLY,CLEAR,DAYLIGHT,TURNING,NOT DIVIDED,,STRAIGHT AND LEVEL,DRY,NO DEFECTS,NOT ON SCENE (DESK REPORT),INJURY AND / OR TOW DUE TO CRASH,,,,"OVER $1,500",07/20/2018 04:52:00 PM,FAILING TO YIELD RIGHT-OF-WAY,FAILING TO YIELD RIGHT-OF-WAY,214,W,VAN BUREN ST,122,,,,,,,2.0,NONINCAPACITATING INJURY,3.0,0.0,0.0,3.0,0.0,1.0,0.0,14,6,7,41.876949125,-87.634159343,POINT (-87.634159342654 41.876949124598)
9865,JB357846,,2018-07-20 13:40:00,35,TRAFFIC SIGNAL,FUNCTIONING PROPERLY,RAIN,DAYLIGHT,SIDESWIPE SAME DIRECTION,ONE-WAY,,STRAIGHT AND LEVEL,WET,NO DEFECTS,NOT ON SCENE (DESK REPORT),NO INJURY / DRIVE AWAY,,,Y,"OVER $1,500",07/20/2018 02:47:00 PM,FAILING TO REDUCE SPEED TO AVOID CRASH,NOT APPLICABLE,401,S,FRANKLIN ST,122,,,,,,,2.0,NO INDICATION OF INJURY,0.0,0.0,0.0,0.0,0.0,2.0,0.0,13,6,7,41.876792979,-87.635029199,POINT (-87.635029199263 41.876792979337)
9944,JB357563,,2018-07-20 10:15:00,35,TRAFFIC SIGNAL,FUNCTIONING PROPERLY,CLEAR,"DARKNESS, LIGHTED ROAD",REAR END,NOT DIVIDED,2.0,STRAIGHT AND LEVEL,DRY,NO DEFECTS,NOT ON SCENE (DESK REPORT),NO INJURY / DRIVE AWAY,,,,"OVER $1,500",07/20/2018 11:40:00 AM,DISTRACTION - FROM OUTSIDE VEHICLE,DISTRACTION - FROM OUTSIDE VEHICLE,435,N,LOWER MICHIGAN AVE,1834,,,,,,,2.0,NO INDICATION OF INJURY,0.0,0.0,0.0,0.0,0.0,2.0,0.0,10,6,7,41.89042261,-87.623998932,POINT (-87.623998931508 41.890422609593)
9950,JB357455,,2018-07-20 09:54:00,30,NO CONTROLS,NO CONTROLS,CLEAR,DAYLIGHT,SIDESWIPE SAME DIRECTION,ONE-WAY,3.0,STRAIGHT AND LEVEL,DRY,NO DEFECTS,ON SCENE,NO INJURY / DRIVE AWAY,,,,"$501 - $1,500",07/20/2018 09:54:00 AM,IMPROPER OVERTAKING/PASSING,NOT APPLICABLE,111,N,CLARK ST,111,,,,,,,2.0,NO INDICATION OF INJURY,0.0,0.0,0.0,0.0,0.0,2.0,0.0,9,6,7,41.883512645,-87.630768552,POINT (-87.630768552092 41.883512645027)
9951,JB357541,,2018-07-20 09:50:00,30,NO CONTROLS,NO CONTROLS,CLOUDY/OVERCAST,DAYLIGHT,REAR END,DIVIDED - W/MEDIAN BARRIER,6.0,STRAIGHT AND LEVEL,DRY,NO DEFECTS,NOT ON SCENE (DESK REPORT),NO INJURY / DRIVE AWAY,,,,"OVER $1,500",07/20/2018 11:15:00 AM,IMPROPER BACKING,DRIVING SKILLS/KNOWLEDGE/EXPERIENCE,140,W,CONGRESS PKWY,122,Y,,,,,,2.0,NO INDICATION OF INJURY,0.0,0.0,0.0,0.0,0.0,3.0,0.0,9,6,7,41.87570198,-87.63211872299999,POINT (-87.632118723414 41.87570197997)
9957,JB357493,,2018-07-20 09:40:00,30,TRAFFIC SIGNAL,FUNCTIONING PROPERLY,CLEAR,DAYLIGHT,REAR END,ONE-WAY,,STRAIGHT AND LEVEL,DRY,NO DEFECTS,NOT ON SCENE (DESK REPORT),NO INJURY / DRIVE AWAY,,,,"$501 - $1,500",07/20/2018 10:30:00 AM,IMPROPER BACKING,NOT APPLICABLE,37,E,GRAND AVE,1834,,,,,,,2.0,NO INDICATION OF INJURY,0.0,0.0,0.0,0.0,0.0,3.0,0.0,9,6,7,41.891576509000004,-87.626654253,POINT (-87.626654252698 41.891576508525)
9973,JB357436,,2018-07-20 08:40:00,30,NO CONTROLS,NO CONTROLS,CLEAR,"DARKNESS, LIGHTED ROAD",FIXED OBJECT,DIVIDED - W/MEDIAN BARRIER,2.0,STRAIGHT AND LEVEL,DRY,NO DEFECTS,ON SCENE,NO INJURY / DRIVE AWAY,,,,"OVER $1,500",07/20/2018 08:50:00 AM,DISREGARDING OTHER TRAFFIC SIGNS,ROAD ENGINEERING/SURFACE/MARKING DEFECTS,371,N,LOWER MICHIGAN AVE,114,,,,,,,1.0,NO INDICATION OF INJURY,0.0,0.0,0.0,0.0,0.0,1.0,0.0,8,6,7,41.888477771,-87.62435422200001,POINT (-87.624354221582 41.888477771123)
9986,JB358055,,2018-07-20 07:55:00,30,TRAFFIC SIGNAL,FUNCTIONING PROPERLY,CLEAR,DAYLIGHT,SIDESWIPE SAME DIRECTION,ONE-WAY,4.0,STRAIGHT AND LEVEL,DRY,NO DEFECTS,NOT ON SCENE (DESK REPORT),NO INJURY / DRIVE AWAY,,,Y,"$501 - $1,500",07/20/2018 05:20:00 PM,IMPROPER OVERTAKING/PASSING,CELL PHONE USE OTHER THAN TEXTING,78,W,MADISON ST,112,,,,,,,2.0,NO INDICATION OF INJURY,0.0,0.0,0.0,0.0,0.0,3.0,0.0,7,6,7,41.882088546999995,-87.630672229,POINT (-87.630672228546 41.882088546801)
9988,JB357427,,2018-07-20 07:50:00,30,NO CONTROLS,NO CONTROLS,CLEAR,DAYLIGHT,TURNING,ONE-WAY,3.0,STRAIGHT AND LEVEL,DRY,NO DEFECTS,NOT ON SCENE (DESK REPORT),NO INJURY / DRIVE AWAY,,,,"$501 - $1,500",07/20/2018 09:45:00 AM,UNABLE TO DETERMINE,UNABLE TO DETERMINE,2,N,LA SALLE ST,122,,,,,,,2.0,NO INDICATION OF INJURY,0.0,0.0,0.0,0.0,0.0,2.0,0.0,7,6,7,41.881992298,-87.63250662700001,POINT (-87.632506626701 41.881992298253)