,RD_NO,CRASH_DATE_EST_I,CRASH_DATE,POSTED_SPEED_LIMIT,TRAFFIC_CONTROL_DEVICE,DEVICE_CONDITION,WEATHER_CONDITION,LIGHTING_CONDITION,FIRST_CRASH_TYPE,TRAFFICWAY_TYPE,LANE_CNT,ALIGNMENT,ROADWAY_SURFACE_COND,ROAD_DEFECT,REPORT_TYPE,CRASH_TYPE,INTERSECTION_RELATED_I,NOT_RIGHT_OF_WAY_I,HIT_AND_RUN_I,DAMAGE,DATE_POLICE_NOTIFIED,PRIM_CONTRIBUTORY_CAUSE,SEC_CONTRIBUTORY_CAUSE,STREET_NO,STREET_DIRECTION,STREET_NAME,BEAT_OF_OCCURRENCE,PHOTOS_TAKEN_I,STATEMENTS_TAKEN_I,DOORING_I,WORK_ZONE_I,WORK_ZONE_TYPE,WORKERS_PRESENT_I,NUM_UNITS,MOST_SEVERE_INJURY,INJURIES_TOTAL,INJURIES_FATAL,INJURIES_INCAPACITATING,INJURIES_NON_INCAPACITATING,INJURIES_REPORTED_NOT_EVIDENT,INJURIES_NO_INDICATION,INJURIES_UNKNOWN,CRASH_HOUR,CRASH_DAY_OF_WEEK,CRASH_MONTH,LATITUDE,LONGITUDE,LOCATION
10012,JB357248,,2018-07-20 04:00:00,30,NO CONTROLS,NO CONTROLS,CLEAR,DARKNESS,FIXED OBJECT,OTHER,0.0,STRAIGHT AND LEVEL,DRY,"RUT, HOLES",NOT ON SCENE (DESK REPORT),NO INJURY / DRIVE AWAY,,,,"$501 - $1,500",07/20/2018 04:20:00 AM,UNABLE TO DETERMINE,UNABLE TO DETERMINE,430,N,JEFFERSON ST,1214,,,,,,,1.0,NO INDICATION OF INJURY,0.0,0.0,0.0,0.0,0.0,1.0,0.0,4,6,7,41.890016074,-87.643056305,POINT (-87.643056305379 41.890016074197)
10017,JB357185,,2018-07-20 02:06:00,30,NO CONTROLS,NO CONTROLS,CLEAR,"DARKNESS, LIGHTED ROAD",PARKED MOTOR VEHICLE,ONE-WAY,3.0,STRAIGHT AND LEVEL,DRY,NO DEFECTS,ON SCENE,NO INJURY / DRIVE AWAY,,,Y,"$501 - $1,500",07/20/2018 02:07:00 AM,IMPROPER BACKING,UNABLE TO DETERMINE,420,N,CLARK ST,1831,,,,,,,2.0,NO INDICATION OF INJURY,0.0,0.0,0.0,0.0,0.0,1.0,0.0,2,6,7,41.889977687,-87.631227083,POINT (-87.631227083419 41.88997768697)
10043,JB357033,,2018-07-19 21:46:00,30,TRAFFIC SIGNAL,FUNCTIONING PROPERLY,CLEAR,"DARKNESS, LIGHTED ROAD",TURNING,ONE-WAY,4.0,STRAIGHT AND LEVEL,DRY,UNKNOWN,NOT ON SCENE (DESK REPORT),NO INJURY / DRIVE AWAY,Y,,,$500 OR LESS,07/19/2018 10:25:00 PM,IMPROPER TURNING/NO SIGNAL,IMPROPER TURNING/NO SIGNAL,500,W,WASHINGTON BLVD,121,,,,,,,2.0,NO INDICATION OF INJURY,0.0,0.0,0.0,0.0,0.0,2.0,0.0,21,5,7,41.88329092,-87.639784759,POINT (-87.639784758898 41.883290920413)
10066,JB358298,,2018-07-19 19:45:00,30,UNKNOWN,UNKNOWN,UNKNOWN,UNKNOWN,REAR END,NOT DIVIDED,,STRAIGHT AND LEVEL,UNKNOWN,UNKNOWN,NOT ON SCENE (DESK REPORT),NO INJURY / DRIVE AWAY,,,,"OVER $1,500",07/20/2018 08:00:00 PM,UNABLE TO DETERMINE,NOT APPLICABLE,200,N,LA SALLE ST,122,,,,,,,2.0,NO INDICATION OF INJURY,0.0,0.0,0.0,0.0,0.0,2.0,0.0,19,5,7,41.885761124,-87.632595153,POINT (-87.632595153109 41.885761124491)
10067,JB356898,,2018-07-19 19:45:00,30,NO CONTROLS,NO CONTROLS,CLEAR,DUSK,REAR END,NOT DIVIDED,4.0,STRAIGHT AND LEVEL,DRY,UNKNOWN,NOT ON SCENE (DESK REPORT),INJURY AND / OR TOW DUE TO CRASH,,,,"OVER $1,500",07/19/2018 09:25:00 PM,FOLLOWING TOO CLOSELY,NOT APPLICABLE,222,N,LA SALLE ST,122,,,,,,,2.0,NONINCAPACITATING INJURY,1.0,0.0,0.0,1.0,0.0,1.0,0.0,19,5,7,41.886351604,-87.632613946,POINT (-87.632613945519 41.886351604489)
10083,JB356834,,2018-07-19 18:30:00,30,TRAFFIC SIGNAL,FUNCTIONING PROPERLY,CLEAR,DAYLIGHT,TURNING,NOT DIVIDED,4.0,STRAIGHT AND LEVEL,DRY,NO DEFECTS,NOT ON SCENE (DESK REPORT),NO INJURY / DRIVE AWAY,,,,"OVER $1,500",07/19/2018 07:40:00 PM,FAILING TO REDUCE SPEED TO AVOID CRASH,FAILING TO REDUCE SPEED TO AVOID CRASH,43,E,WACKER DR,111,,,,,,,2.0,NO INDICATION OF INJURY,0.0,0.0,0.0,0.0,0.0,2.0,0.0,18,5,7,41.886921528,-87.626365761,POINT (-87.626365761146 41.886921527731)
10097,JB356731,,2018-07-19 18:04:00,30,TRAFFIC SIGNAL,FUNCTIONING PROPERLY,CLEAR,DAYLIGHT,SIDESWIPE SAME DIRECTION,DIVIDED - W/MEDIAN BARRIER,8.0,STRAIGHT AND LEVEL,DRY,NO DEFECTS,ON SCENE,NO INJURY / DRIVE AWAY,,,Y,"OVER $1,500",07/19/2018 06:30:00 PM,FAILING TO YIELD RIGHT-OF-WAY,NOT APPLICABLE,333,W,WACKER DR,122,,,,,,,2.0,NO INDICATION OF INJURY,0.0,0.0,0.0,0.0,0.0,2.0,0.0,18,5,7,41.886025413,-87.636297703,POINT (-87.63629770323 41.886025412541)
10101,JB356739,,2018-07-19 18:00:00,30,NO CONTROLS,NO CONTROLS,CLEAR,DAYLIGHT,PEDALCYCLIST,NOT DIVIDED,,STRAIGHT AND LEVEL,DRY,NO DEFECTS,ON SCENE,NO INJURY / DRIVE AWAY,,,,"OVER $1,500",07/19/2018 06:14:00 PM,IMPROPER LANE USAGE,NOT APPLICABLE,60,W,KINZIE ST,1831,,,Y,,,,2.0,NO INDICATION OF INJURY,0.0,0.0,0.0,0.0,0.0,2.0,0.0,18,5,7,41.889333215,-87.630282472,POINT (-87.630282472199 41.889333215048)
10105,JB356776,,2018-07-19 17:45:00,0,NO CONTROLS,NO CONTROLS,CLEAR,DAYLIGHT,PARKED MOTOR VEHICLE,UNKNOWN,,STRAIGHT AND LEVEL,UNKNOWN,UNKNOWN,NOT ON SCENE (DESK REPORT),NO INJURY / DRIVE AWAY,,,Y,"$501 - $1,500",07/19/2018 06:45:00 PM,UNABLE TO DETERMINE,NOT APPLICABLE,121,S,WACKER DR,122,,,,,,,2.0,NO INDICATION OF INJURY,0.0,0.0,0.0,0.0,0.0,2.0,0.0,17,5,7,41.880104997,-87.63657464200001,POINT (-87.636574641927 41.880104996942)
10107,JB360535,,2018-07-19 17:30:00,35,TRAFFIC SIGNAL,FUNCTIONING PROPERLY,CLEAR,DAYLIGHT,TURNING,NOT DIVIDED,5.0,STRAIGHT AND LEVEL,DRY,NO DEFECTS,NOT ON SCENE (DESK REPORT),NO INJURY / DRIVE AWAY,,,,"OVER $1,500",07/22/2018 02:45:00 PM,IMPROPER TURNING/NO SIGNAL,NOT APPLICABLE,500,W,MADISON ST,121,,,,,,,2.0,NO INDICATION OF INJURY,0.0,0.0,0.0,0.0,0.0,2.0,0.0,17,5,7,41.881994338,-87.639758685,POINT (-87.639758684881 41.881994338205)
10110,JB356743,,2018-07-19 17:30:00,30,TRAFFIC SIGNAL,FUNCTIONING IMPROPERLY,CLEAR,DAYLIGHT,SIDESWIPE SAME DIRECTION,DIVIDED - W/MEDIAN (NOT RAISED),,STRAIGHT AND LEVEL,DRY,NO DEFECTS,ON SCENE,NO INJURY / DRIVE AWAY,,,,"OVER $1,500",07/19/2018 05:30:00 PM,UNABLE TO DETERMINE,NOT APPLICABLE,501,S,CONGRESS PLAZA DR,114,,,,,,,2.0,NO INDICATION OF INJURY,0.0,0.0,0.0,0.0,0.0,3.0,0.0,17,5,7,41.875652121,-87.62311791799999,POINT (-87.623117918284 41.875652121458)
10132,JB356679,,2018-07-19 16:00:00,35,NO CONTROLS,NO CONTROLS,CLEAR,DAYLIGHT,REAR END,DIVIDED - W/MEDIAN BARRIER,2.0,STRAIGHT AND LEVEL,DRY,NO DEFECTS,NOT ON SCENE (DESK REPORT),NO INJURY / DRIVE AWAY,,,,"$501 - $1,500",07/19/2018 06:00:00 PM,FOLLOWING TOO CLOSELY,UNABLE TO DETERMINE,212,S,HALSTED ST,1232,,,,,,,2.0,NO INDICATION OF INJURY,0.0,0.0,0.0,0.0,0.0,2.0,0.0,16,5,7,41.878801378,-87.64741620299999,POINT (-87.647416202906 41.878801378163)
10171,JB358121,,2018-07-19 14:00:00,30,STOP SIGN/FLASHER,FUNCTIONING PROPERLY,CLEAR,DAYLIGHT,SIDESWIPE SAME DIRECTION,NOT DIVIDED,4.0,STRAIGHT AND LEVEL,WET,NO DEFECTS,NOT ON SCENE (DESK REPORT),NO INJURY / DRIVE AWAY,Y,,,"OVER $1,500",07/20/2018 06:03:00 PM,IMPROPER OVERTAKING/PASSING,NOT APPLICABLE,1,S,MICHIGAN AVE,114,,,,,,,2.0,NO INDICATION OF INJURY,0.0,0.0,0.0,0.0,0.0,2.0,0.0,14,5,7,41.882048398,-87.62421733,POINT (-87.62421733025 41.882048397571)
10180,JB356447,,2018-07-19 13:12:00,30,UNKNOWN,UNKNOWN,CLEAR,DAYLIGHT,TURNING,UNKNOWN,,STRAIGHT AND LEVEL,DRY,NO DEFECTS,NOT ON SCENE (DESK REPORT),NO INJURY / DRIVE AWAY,,,Y,"OVER $1,500",07/19/2018 02:50:00 PM,UNABLE TO DETERMINE,NOT APPLICABLE,449,N,CLARK ST,1831,,,,,,,2.0,NO INDICATION OF INJURY,0.0,0.0,0.0,0.0,0.0,2.0,0.0,13,5,7,41.89071401,-87.630956439,POINT (-87.630956438825 41.890714009817)
10230,JB356210,,2018-07-19 10:50:00,30,TRAFFIC SIGNAL,FUNCTIONING PROPERLY,CLEAR,DAYLIGHT,TURNING,DIVIDED - W/MEDIAN (NOT RAISED),2.0,STRAIGHT AND LEVEL,DRY,NO DEFECTS,ON SCENE,NO INJURY / DRIVE AWAY,Y,,,"$501 - $1,500",07/19/2018 10:55:00 AM,IMPROPER TURNING/NO SIGNAL,FAILING TO REDUCE SPEED TO AVOID CRASH,175,N,HALSTED ST,1224,,,,,,,2.0,NO INDICATION OF INJURY,0.0,0.0,0.0,0.0,0.0,2.0,0.0,10,5,7,41.885257216,-87.64731471200001,POINT (-87.647314712248 41.885257216086)
10245,JB356113,,2018-07-19 10:00:00,30,NO CONTROLS,NO CONTROLS,CLEAR,DAYLIGHT,PARKED MOTOR VEHICLE,ONE-WAY,3.0,STRAIGHT AND LEVEL,DRY,NO DEFECTS,ON SCENE,NO INJURY / DRIVE AWAY,,,Y,"$501 - $1,500",07/19/2018 10:10:00 AM,IMPROPER TURNING/NO SIGNAL,NOT APPLICABLE,449,N,DEARBORN ST,1831,,,,,,,2.0,NO INDICATION OF INJURY,0.0,0.0,0.0,0.0,0.0,1.0,0.0,10,5,7,41.890723859,-87.629478686,POINT (-87.629478686259 41.890723859353)
10263,JB356064,,2018-07-19 09:00:00,30,NO CONTROLS,NO CONTROLS,CLEAR,DAYLIGHT,SIDESWIPE SAME DIRECTION,ONE-WAY,2.0,STRAIGHT AND LEVEL,DRY,NO DEFECTS,ON SCENE,NO INJURY / DRIVE AWAY,,,,$500 OR LESS,07/19/2018 09:20:00 AM,FAILING TO YIELD RIGHT-OF-WAY,IMPROPER LANE USAGE,107,W,ADAMS ST,122,,,,,,,2.0,NO INDICATION OF INJURY,0.0,0.0,0.0,0.0,0.0,2.0,0.0,9,5,7,41.879302247,-87.631057413,POINT (-87.631057413206 41.879302247442)
10265,JB356061,,2018-07-19 08:50:00,30,TRAFFIC SIGNAL,FUNCTIONING PROPERLY,CLEAR,DAYLIGHT,TURNING,ONE-WAY,3.0,STRAIGHT AND LEVEL,DRY,NO DEFECTS,ON SCENE,NO INJURY / DRIVE AWAY,Y,,,$500 OR LESS,07/19/2018 08:54:00 AM,IMPROPER TURNING/NO SIGNAL,IMPROPER LANE USAGE,220,W,HARRISON ST,123,,,,,,,2.0,NO INDICATION OF INJURY,0.0,0.0,0.0,0.0,0.0,2.0,0.0,8,5,7,41.874597358,-87.634244085,POINT (-87.634244085004 41.874597357827)
10277,JB356179,,2018-07-19 08:14:00,30,NO CONTROLS,NO CONTROLS,CLEAR,DAYLIGHT,SIDESWIPE SAME DIRECTION,DIVIDED - W/MEDIAN BARRIER,2.0,STRAIGHT AND LEVEL,DRY,NO DEFECTS,NOT ON SCENE (DESK REPORT),NO INJURY / DRIVE AWAY,,,,"OVER $1,500",07/19/2018 11:00:00 AM,NOT APPLICABLE,NOT APPLICABLE,311,S,WACKER DR,122,,,,,,,2.0,NO INDICATION OF INJURY,0.0,0.0,0.0,0.0,0.0,2.0,0.0,8,5,7,41.877791648,-87.636524344,POINT (-87.636524344435 41.877791648104)
10280,JB356023,,2018-07-19 08:02:00,30,NO CONTROLS,FUNCTIONING IMPROPERLY,CLEAR,DAYLIGHT,REAR END,DIVIDED - W/MEDIAN (NOT RAISED),1.0,STRAIGHT AND LEVEL,DRY,NO DEFECTS,NOT ON SCENE (DESK REPORT),NO INJURY / DRIVE AWAY,,,,$500 OR LESS,07/19/2018 09:05:00 AM,FOLLOWING TOO CLOSELY,UNABLE TO DETERMINE,730,W,RANDOLPH ST,1224,,,,,,,2.0,NO INDICATION OF INJURY,0.0,0.0,0.0,0.0,0.0,3.0,0.0,8,5,7,41.884520472,-87.64695489299999,POINT (-87.646954893312 41.884520471912)
10333,JB355763,,2018-07-18 23:42:00,30,NO CONTROLS,NO CONTROLS,CLEAR,"DARKNESS, LIGHTED ROAD",ANGLE,NOT DIVIDED,2.0,STRAIGHT AND LEVEL,DRY,NO DEFECTS,ON SCENE,NO INJURY / DRIVE AWAY,,,,$500 OR LESS,07/18/2018 11:43:00 PM,IMPROPER BACKING,NOT APPLICABLE,161,W,HUBBARD ST,1831,,,,,,,2.0,NO INDICATION OF INJURY,0.0,0.0,0.0,0.0,0.0,2.0,0.0,23,4,7,41.889880272,-87.633506755,POINT (-87.633506754608 41.889880271607)
10348,JB355718,,2018-07-18 21:30:00,30,TRAFFIC SIGNAL,FUNCTIONING PROPERLY,CLEAR,"DARKNESS, LIGHTED ROAD",TURNING,ONE-WAY,2.0,STRAIGHT AND LEVEL,DRY,NO DEFECTS,NOT ON SCENE (DESK REPORT),NO INJURY / DRIVE AWAY,,,,"OVER $1,500",07/18/2018 10:30:00 PM,IMPROPER TURNING/NO SIGNAL,FAILING TO YIELD RIGHT-OF-WAY,45,E,ADAMS ST,113,,,,,,,2.0,NO INDICATION OF INJURY,0.0,0.0,0.0,0.0,0.0,2.0,0.0,21,4,7,41.879417099,-87.62596227200001,POINT (-87.625962271652 41.879417099209)
10375,JB355503,,2018-07-18 19:00:00,30,TRAFFIC SIGNAL,FUNCTIONING PROPERLY,CLEAR,DAYLIGHT,SIDESWIPE SAME DIRECTION,NOT DIVIDED,,STRAIGHT AND LEVEL,DRY,NO DEFECTS,NOT ON SCENE (DESK REPORT),NO INJURY / DRIVE AWAY,,,,"OVER $1,500",07/18/2018 07:49:00 PM,IMPROPER LANE USAGE,IMPROPER LANE USAGE,401,N,MICHIGAN AVE,1834,,,,,,,2.0,NO INDICATION OF INJURY,0.0,0.0,0.0,0.0,0.0,2.0,0.0,19,4,7,41.889354252,-87.624102456,POINT (-87.624102456243 41.889354251928)
10390,JB355416,,2018-07-18 18:15:00,30,NO CONTROLS,NO CONTROLS,CLEAR,DAYLIGHT,SIDESWIPE SAME DIRECTION,NOT DIVIDED,,STRAIGHT AND LEVEL,DRY,NO DEFECTS,ON SCENE,NO INJURY / DRIVE AWAY,,,,"OVER $1,500",07/18/2018 06:30:00 PM,UNABLE TO DETERMINE,NOT APPLICABLE,670,W,RANDOLPH ST,1224,,,,,,,2.0,NO INDICATION OF INJURY,0.0,0.0,0.0,0.0,0.0,2.0,0.0,18,4,7,41.884527211,-87.645525062,POINT (-87.645525062303 41.884527211083)
10391,JB355410,,2018-07-18 18:15:00,30,TRAFFIC SIGNAL,FUNCTIONING PROPERLY,CLEAR,DAYLIGHT,REAR END,UNKNOWN,,STRAIGHT AND LEVEL,DRY,UNKNOWN,NOT ON SCENE (DESK REPORT),NO INJURY / DRIVE AWAY,,,,"OVER $1,500",07/18/2018 07:06:00 PM,UNABLE TO DETERMINE,NOT APPLICABLE,120,E,RANDOLPH ST,114,,,,,,,2.0,NO INDICATION OF INJURY,0.0,0.0,0.0,0.0,0.0,2.0,0.0,18,4,7,41.884547946,-87.623588344,POINT (-87.623588343598 41.884547945768)
10416,JB355592,,2018-07-18 17:15:00,30,UNKNOWN,UNKNOWN,CLEAR,DAYLIGHT,PEDESTRIAN,UNKNOWN,,STRAIGHT AND LEVEL,DRY,UNKNOWN,NOT ON SCENE (DESK REPORT),INJURY AND / OR TOW DUE TO CRASH,,,Y,"OVER $1,500",07/18/2018 08:55:00 PM,EXCEEDING AUTHORIZED SPEED LIMIT,NOT APPLICABLE,204,S,CLARK ST,122,,,,,,,2.0,NONINCAPACITATING INJURY,1.0,0.0,0.0,1.0,0.0,1.0,0.0,17,4,7,41.879254736,-87.630962516,POINT (-87.630962515607 41.879254736104)
10434,JB355411,,2018-07-18 16:45:00,30,NO CONTROLS,NO CONTROLS,CLEAR,DAYLIGHT,REAR END,NOT DIVIDED,,STRAIGHT AND LEVEL,DRY,NO DEFECTS,NOT ON SCENE (DESK REPORT),INJURY AND / OR TOW DUE TO CRASH,,,,"$501 - $1,500",07/18/2018 06:56:00 PM,UNABLE TO DETERMINE,UNABLE TO DETERMINE,441,N,HALSTED ST,1214,,,,,,,2.0,NONINCAPACITATING INJURY,1.0,0.0,0.0,1.0,0.0,1.0,0.0,16,4,7,41.89013841,-87.647460526,POINT (-87.647460525518 41.890138410356)
10452,JB355149,,2018-07-18 16:00:00,35,NO CONTROLS,NO CONTROLS,CLEAR,DAYLIGHT,TURNING,NOT DIVIDED,4.0,STRAIGHT AND LEVEL,DRY,NO DEFECTS,ON SCENE,NO INJURY / DRIVE AWAY,,,,"$501 - $1,500",07/18/2018 04:06:00 PM,IMPROPER TURNING/NO SIGNAL,IMPROPER OVERTAKING/PASSING,425,N,STATE ST,1834,,,,,,,2.0,NO INDICATION OF INJURY,0.0,0.0,0.0,0.0,0.0,2.0,0.0,16,4,7,41.890027918,-87.627860346,POINT (-87.627860345765 41.890027917989)
10459,JB355144,,2018-07-18 15:45:00,30,NO CONTROLS,NO CONTROLS,CLEAR,DAYLIGHT,SIDESWIPE SAME DIRECTION,ONE-WAY,2.0,STRAIGHT AND LEVEL,DRY,NO DEFECTS,NOT ON SCENE (DESK REPORT),NO INJURY / DRIVE AWAY,,,,"$501 - $1,500",07/18/2018 04:00:00 PM,FAILING TO YIELD RIGHT-OF-WAY,NOT APPLICABLE,700,W,MADISON ST,1224,,,,,,,2.0,NO INDICATION OF INJURY,0.0,0.0,0.0,0.0,0.0,2.0,0.0,15,4,7,41.881909795,-87.64562220100001,POINT (-87.645622201229 41.881909795065)
10474,JB355094,,2018-07-18 15:30:00,30,TRAFFIC SIGNAL,UNKNOWN,CLEAR,DAYLIGHT,REAR END,DIVIDED - W/MEDIAN BARRIER,6.0,STRAIGHT AND LEVEL,DRY,UNKNOWN,NOT ON SCENE (DESK REPORT),NO INJURY / DRIVE AWAY,Y,,,$500 OR LESS,07/18/2018 03:45:00 PM,UNABLE TO DETERMINE,UNABLE TO DETERMINE,202,N,MICHIGAN AVE,111,,,,,,,2.0,NO INDICATION OF INJURY,0.0,0.0,0.0,0.0,0.0,2.0,0.0,15,4,7,41.885848995,-87.624662555,POINT (-87.624662554997 41.88584899522)
10508,JB354976,,2018-07-18 14:00:00,30,TRAFFIC SIGNAL,FUNCTIONING PROPERLY,CLEAR,DAYLIGHT,TURNING,ONE-WAY,,STRAIGHT AND LEVEL,DRY,NO DEFECTS,NOT ON SCENE (DESK REPORT),NO INJURY / DRIVE AWAY,,,,"OVER $1,500",07/18/2018 02:20:00 PM,FAILING TO YIELD RIGHT-OF-WAY,UNABLE TO DETERMINE,49,N,FRANKLIN ST,122,,,,,,,2.0,NO INDICATION OF INJURY,0.0,0.0,0.0,0.0,0.0,2.0,0.0,14,4,7,41.883176266999996,-87.63519481700001,POINT (-87.635194817034 41.883176266755)
10511,JB355022,,2018-07-18 13:50:00,30,NO CONTROLS,NO CONTROLS,CLEAR,DAYLIGHT,REAR END,NOT DIVIDED,,STRAIGHT AND LEVEL,DRY,NO DEFECTS,NOT ON SCENE (DESK REPORT),NO INJURY / DRIVE AWAY,,,,"$501 - $1,500",07/18/2018 03:06:00 PM,UNABLE TO DETERMINE,UNABLE TO DETERMINE,220,W,RANDOLPH ST,122,,,,,,,2.0,NO INDICATION OF INJURY,0.0,0.0,0.0,0.0,0.0,2.0,0.0,13,4,7,41.884575533,-87.634526895,POINT (-87.634526894501 41.884575532669)
10529,JB354891,,2018-07-18 12:55:00,30,TRAFFIC SIGNAL,FUNCTIONING PROPERLY,CLEAR,DAYLIGHT,SIDESWIPE SAME DIRECTION,NOT DIVIDED,,STRAIGHT AND LEVEL,DRY,NO DEFECTS,NOT ON SCENE (DESK REPORT),NO INJURY / DRIVE AWAY,Y,,Y,"$501 - $1,500",07/18/2018 01:30:00 PM,UNABLE TO DETERMINE,UNABLE TO DETERMINE,154,N,CLINTON ST,121,,,,,,,2.0,NO INDICATION OF INJURY,0.0,0.0,0.0,0.0,0.0,2.0,0.0,12,4,7,41.884750335999996,-87.641428132,POINT (-87.64142813176 41.884750336093)
10530,JB354914,,2018-07-18 12:50:00,30,TRAFFIC SIGNAL,FUNCTIONING PROPERLY,CLEAR,DAYLIGHT,SIDESWIPE SAME DIRECTION,NOT DIVIDED,,STRAIGHT AND LEVEL,DRY,NO DEFECTS,NOT ON SCENE (DESK REPORT),NO INJURY / DRIVE AWAY,,,Y,$500 OR LESS,07/18/2018 01:40:00 PM,DRIVING SKILLS/KNOWLEDGE/EXPERIENCE,NOT APPLICABLE,150,N,STATE ST,111,,,,,,,2.0,NO INDICATION OF INJURY,0.0,0.0,0.0,0.0,0.0,2.0,0.0,12,4,7,41.884520556,-87.62805828200001,POINT (-87.628058282128 41.8845205564)
10534,JB354860,,2018-07-18 12:42:00,30,STOP SIGN/FLASHER,FUNCTIONING PROPERLY,CLEAR,DAYLIGHT,ANGLE,DIVIDED - W/MEDIAN (NOT RAISED),0.0,STRAIGHT AND LEVEL,DRY,NO DEFECTS,ON SCENE,INJURY AND / OR TOW DUE TO CRASH,Y,,,"OVER $1,500",07/18/2018 12:45:00 PM,FAILING TO YIELD RIGHT-OF-WAY,FAILING TO REDUCE SPEED TO AVOID CRASH,436,N,HALSTED ST,1214,,,,,,,2.0,NO INDICATION OF INJURY,0.0,0.0,0.0,0.0,0.0,2.0,0.0,12,4,7,41.890077898,-87.64775609,POINT (-87.647756089786 41.89007789797)
10540,JB354800,,2018-07-18 12:20:00,30,TRAFFIC SIGNAL,FUNCTIONING PROPERLY,CLEAR,DAYLIGHT,HEAD ON,NOT DIVIDED,2.0,STRAIGHT AND LEVEL,DRY,NO DEFECTS,NOT ON SCENE (DESK REPORT),INJURY AND / OR TOW DUE TO CRASH,,,,"$501 - $1,500",07/18/2018 12:20:00 PM,IMPROPER OVERTAKING/PASSING,DRIVING SKILLS/KNOWLEDGE/EXPERIENCE,301,W,VAN BUREN ST,122,,Y,,,,,2.0,NO INDICATION OF INJURY,0.0,0.0,0.0,0.0,0.0,2.0,0.0,12,4,7,41.876715543,-87.635247033,POINT (-87.6352470325 41.876715542557)
10561,JB354787,,2018-07-18 11:10:00,30,TRAFFIC SIGNAL,FUNCTIONING PROPERLY,CLEAR,DAYLIGHT,SIDESWIPE SAME DIRECTION,NOT DIVIDED,4.0,STRAIGHT AND LEVEL,DRY,NO DEFECTS,,NO INJURY / DRIVE AWAY,,,,"OVER $1,500",07/18/2018 12:15:00 PM,UNABLE TO DETERMINE,NOT APPLICABLE,506,S,WELLS ST,123,,,,,,,2.0,NO INDICATION OF INJURY,0.0,0.0,0.0,0.0,0.0,2.0,0.0,11,4,7,41.875429385,-87.633801031,POINT (-87.633801030997 41.875429384819)
10595,JB354566,,2018-07-18 08:49:00,30,STOP SIGN/FLASHER,FUNCTIONING PROPERLY,CLEAR,DAYLIGHT,SIDESWIPE SAME DIRECTION,DIVIDED - W/MEDIAN BARRIER,4.0,STRAIGHT AND LEVEL,DRY,NO DEFECTS,ON SCENE,NO INJURY / DRIVE AWAY,,,,$500 OR LESS,07/18/2018 09:38:00 AM,IMPROPER LANE USAGE,UNABLE TO DETERMINE,206,N,LA SALLE ST,122,,,,,,,2.0,NO INDICATION OF INJURY,0.0,0.0,0.0,0.0,0.0,2.0,0.0,8,4,7,41.885924704000004,-87.63260142799999,POINT (-87.63260142766 41.885924703949)
10606,JB354602,,2018-07-18 08:24:00,30,TRAFFIC SIGNAL,FUNCTIONING PROPERLY,CLEAR,DAYLIGHT,SIDESWIPE SAME DIRECTION,ONE-WAY,3.0,STRAIGHT AND LEVEL,DRY,NO DEFECTS,NOT ON SCENE (DESK REPORT),INJURY AND / OR TOW DUE TO CRASH,,,,"OVER $1,500",07/18/2018 09:45:00 AM,FAILING TO YIELD RIGHT-OF-WAY,NOT APPLICABLE,181,N,CANAL ST,121,,,,,,,2.0,NONINCAPACITATING INJURY,1.0,0.0,0.0,1.0,0.0,2.0,0.0,8,4,7,41.885587423000004,-87.63971374200001,POINT (-87.639713742203 41.885587423026)
10626,JB354474,,2018-07-18 07:45:00,30,TRAFFIC SIGNAL,FUNCTIONING PROPERLY,CLEAR,DAYLIGHT,PEDALCYCLIST,OTHER,,STRAIGHT AND LEVEL,DRY,NO DEFECTS,ON SCENE,NO INJURY / DRIVE AWAY,Y,,,$500 OR LESS,07/18/2018 07:46:00 AM,DISREGARDING TRAFFIC SIGNALS,NOT APPLICABLE,5,W,CONGRESS PKWY,123,,,,,,,2.0,NO INDICATION OF INJURY,0.0,0.0,0.0,0.0,0.0,2.0,0.0,7,4,7,41.875526864,-87.62782126399999,POINT (-87.627821263795 41.875526864257)