,RD_NO,CRASH_DATE_EST_I,CRASH_DATE,POSTED_SPEED_LIMIT,TRAFFIC_CONTROL_DEVICE,DEVICE_CONDITION,WEATHER_CONDITION,LIGHTING_CONDITION,FIRST_CRASH_TYPE,TRAFFICWAY_TYPE,LANE_CNT,ALIGNMENT,ROADWAY_SURFACE_COND,ROAD_DEFECT,REPORT_TYPE,CRASH_TYPE,INTERSECTION_RELATED_I,NOT_RIGHT_OF_WAY_I,HIT_AND_RUN_I,DAMAGE,DATE_POLICE_NOTIFIED,PRIM_CONTRIBUTORY_CAUSE,SEC_CONTRIBUTORY_CAUSE,STREET_NO,STREET_DIRECTION,STREET_NAME,BEAT_OF_OCCURRENCE,PHOTOS_TAKEN_I,STATEMENTS_TAKEN_I,DOORING_I,WORK_ZONE_I,WORK_ZONE_TYPE,WORKERS_PRESENT_I,NUM_UNITS,MOST_SEVERE_INJURY,INJURIES_TOTAL,INJURIES_FATAL,INJURIES_INCAPACITATING,INJURIES_NON_INCAPACITATING,INJURIES_REPORTED_NOT_EVIDENT,INJURIES_NO_INDICATION,INJURIES_UNKNOWN,CRASH_HOUR,CRASH_DAY_OF_WEEK,CRASH_MONTH,LATITUDE,LONGITUDE,LOCATION
10666,JB354261,,2018-07-17 23:00:00,25,NO CONTROLS,NO CONTROLS,CLEAR,"DARKNESS, LIGHTED ROAD",FIXED OBJECT,NOT DIVIDED,2.0,STRAIGHT AND LEVEL,DRY,NO DEFECTS,ON SCENE,INJURY AND / OR TOW DUE TO CRASH,,,,"OVER $1,500",07/17/2018 11:26:00 PM,DRIVING SKILLS/KNOWLEDGE/EXPERIENCE,NOT APPLICABLE,177,N,WELLS ST,122,,,,,,,1.0,NO INDICATION OF INJURY,0.0,0.0,0.0,0.0,0.0,1.0,0.0,23,3,7,41.885257194,-87.63376979600001,POINT (-87.633769796011 41.885257194054)
10691,JB354075,,2018-07-17 19:41:00,30,STOP SIGN/FLASHER,FUNCTIONING PROPERLY,CLEAR,DAYLIGHT,REAR END,DIVIDED - W/MEDIAN BARRIER,4.0,STRAIGHT AND LEVEL,DRY,NO DEFECTS,ON SCENE,INJURY AND / OR TOW DUE TO CRASH,,,,"OVER $1,500",07/17/2018 07:51:00 PM,UNABLE TO DETERMINE,NOT APPLICABLE,700,S,MICHIGAN AVE,123,,,,,,,2.0,NONINCAPACITATING INJURY,1.0,0.0,0.0,1.0,0.0,3.0,0.0,19,3,7,41.873095485,-87.624345248,POINT (-87.624345247792 41.873095485332)
10721,JB354023,,2018-07-17 18:04:00,10,NO CONTROLS,NO CONTROLS,CLEAR,DAYLIGHT,FIXED OBJECT,DRIVEWAY,,STRAIGHT ON GRADE,DRY,NO DEFECTS,ON SCENE,NO INJURY / DRIVE AWAY,,Y,Y,$500 OR LESS,07/17/2018 07:14:00 PM,NOT APPLICABLE,NOT APPLICABLE,501,N,CLINTON ST,1214,,,,,,,1.0,NO INDICATION OF INJURY,0.0,0.0,0.0,0.0,0.0,1.0,0.0,18,3,7,41.890798214,-87.64225168,POINT (-87.64225167999 41.890798213667)
10738,JB353895,,2018-07-17 17:30:00,30,NO CONTROLS,NO CONTROLS,CLEAR,DAYLIGHT,REAR END,DIVIDED - W/MEDIAN (NOT RAISED),2.0,STRAIGHT ON GRADE,DRY,NO DEFECTS,ON SCENE,INJURY AND / OR TOW DUE TO CRASH,,,,"OVER $1,500",07/17/2018 05:38:00 PM,UNABLE TO DETERMINE,NOT APPLICABLE,364,N,HALSTED ST,1214,,,,,,,3.0,NO INDICATION OF INJURY,0.0,0.0,0.0,0.0,0.0,4.0,0.0,17,3,7,41.888675531,-87.647716545,POINT (-87.647716545434 41.888675530803)
10742,JB353892,,2018-07-17 17:20:00,30,TRAFFIC SIGNAL,FUNCTIONING PROPERLY,CLEAR,DAYLIGHT,SIDESWIPE SAME DIRECTION,DIVIDED - W/MEDIAN BARRIER,6.0,STRAIGHT AND LEVEL,DRY,NO DEFECTS,ON SCENE,NO INJURY / DRIVE AWAY,Y,,,$500 OR LESS,07/17/2018 05:30:00 PM,IMPROPER OVERTAKING/PASSING,UNABLE TO DETERMINE,365,N,MICHIGAN AVE,114,,,,,,,2.0,NO INDICATION OF INJURY,0.0,0.0,0.0,0.0,0.0,3.0,0.0,17,3,7,41.888306149,-87.62435925700001,POINT (-87.624359256853 41.888306149054)
10764,JB353864,,2018-07-17 16:30:00,30,TRAFFIC SIGNAL,FUNCTIONING PROPERLY,CLEAR,DAYLIGHT,OTHER OBJECT,NOT DIVIDED,2.0,STRAIGHT AND LEVEL,DRY,NO DEFECTS,NOT ON SCENE (DESK REPORT),NO INJURY / DRIVE AWAY,Y,,Y,"OVER $1,500",07/17/2018 05:56:00 PM,DISREGARDING OTHER TRAFFIC SIGNS,NOT APPLICABLE,99,S,STATE ST,112,,,,,,,2.0,NO INDICATION OF INJURY,0.0,0.0,0.0,0.0,0.0,2.0,0.0,16,3,7,41.880803284,-87.627577035,POINT (-87.627577035117 41.880803284486)
10838,JB356240,,2018-07-17 14:10:00,30,TRAFFIC SIGNAL,FUNCTIONING PROPERLY,CLEAR,DAYLIGHT,SIDESWIPE SAME DIRECTION,DIVIDED - W/MEDIAN (NOT RAISED),2.0,STRAIGHT AND LEVEL,DRY,NO DEFECTS,NOT ON SCENE (DESK REPORT),NO INJURY / DRIVE AWAY,,,,$500 OR LESS,07/19/2018 12:00:00 PM,UNABLE TO DETERMINE,NOT APPLICABLE,150,N,MICHIGAN AVE,111,,,,,,,2.0,NO INDICATION OF INJURY,0.0,0.0,0.0,0.0,0.0,2.0,0.0,14,3,7,41.884530964,-87.624602045,POINT (-87.624602044601 41.884530963783)
10840,JB356089,N,2018-07-17 14:00:00,30,NO CONTROLS,NO CONTROLS,CLEAR,DUSK,OTHER OBJECT,NOT DIVIDED,6.0,STRAIGHT AND LEVEL,DRY,NO DEFECTS,NOT ON SCENE (DESK REPORT),NO INJURY / DRIVE AWAY,,,,"$501 - $1,500",07/19/2018 10:20:00 AM,NOT APPLICABLE,NOT APPLICABLE,300,W,CONGRESS PKWY,122,,,,,,,1.0,NO INDICATION OF INJURY,0.0,0.0,0.0,0.0,0.0,1.0,0.0,14,3,7,41.876172868000005,-87.635164116,POINT (-87.635164115532 41.876172868449)
10844,JB353618,,2018-07-17 13:50:00,30,TRAFFIC SIGNAL,FUNCTIONING PROPERLY,CLEAR,DAYLIGHT,TURNING,DIVIDED - W/MEDIAN BARRIER,,STRAIGHT AND LEVEL,DRY,NO DEFECTS,NOT ON SCENE (DESK REPORT),NO INJURY / DRIVE AWAY,,,,"OVER $1,500",07/17/2018 03:00:00 PM,UNABLE TO DETERMINE,UNABLE TO DETERMINE,150,N,MICHIGAN AVE,111,,,,,,,2.0,NO INDICATION OF INJURY,0.0,0.0,0.0,0.0,0.0,2.0,0.0,13,3,7,41.884530964,-87.624602045,POINT (-87.624602044601 41.884530963783)
10852,JB359717,,2018-07-17 13:20:00,30,TRAFFIC SIGNAL,FUNCTIONING PROPERLY,CLEAR,DAYLIGHT,SIDESWIPE SAME DIRECTION,DIVIDED - W/MEDIAN (NOT RAISED),2.0,STRAIGHT AND LEVEL,DRY,NO DEFECTS,NOT ON SCENE (DESK REPORT),NO INJURY / DRIVE AWAY,Y,,,"$501 - $1,500",07/21/2018 09:00:00 PM,IMPROPER LANE USAGE,UNABLE TO DETERMINE,701,S,STATE ST,123,Y,,,,,,2.0,NO INDICATION OF INJURY,0.0,0.0,0.0,0.0,0.0,2.0,0.0,13,3,7,41.873055576,-87.627417813,POINT (-87.627417812545 41.873055576445)
10914,JB353235,,2018-07-17 10:25:00,30,STOP SIGN/FLASHER,FUNCTIONING PROPERLY,CLEAR,DAYLIGHT,PEDALCYCLIST,NOT DIVIDED,2.0,STRAIGHT AND LEVEL,DRY,NO DEFECTS,ON SCENE,INJURY AND / OR TOW DUE TO CRASH,Y,,,"$501 - $1,500",07/17/2018 10:45:00 AM,IMPROPER TURNING/NO SIGNAL,NOT APPLICABLE,340,W,KINZIE ST,1831,,,,,,,2.0,NONINCAPACITATING INJURY,1.0,0.0,0.0,1.0,0.0,1.0,0.0,10,3,7,41.889241444,-87.63702184600001,POINT (-87.637021846204 41.889241444064)
10931,JB353168,,2018-07-17 09:15:00,30,NO CONTROLS,NO CONTROLS,CLEAR,DAYLIGHT,TURNING,OTHER,2.0,STRAIGHT AND LEVEL,DRY,NO DEFECTS,ON SCENE,INJURY AND / OR TOW DUE TO CRASH,,,,"OVER $1,500",07/17/2018 09:20:00 AM,IMPROPER LANE USAGE,IMPROPER TURNING/NO SIGNAL,130,E,RANDOLPH ST,114,,,,,,,2.0,NONINCAPACITATING INJURY,1.0,0.0,0.0,1.0,0.0,2.0,0.0,9,3,7,41.884588371999996,-87.62327256100001,POINT (-87.623272561055 41.884588371969)
10952,JB395064,,2018-07-17 08:15:00,30,TRAFFIC SIGNAL,FUNCTIONING PROPERLY,CLEAR,DAYLIGHT,TURNING,DIVIDED - W/MEDIAN (NOT RAISED),2.0,STRAIGHT AND LEVEL,DRY,NO DEFECTS,NOT ON SCENE (DESK REPORT),NO INJURY / DRIVE AWAY,Y,,,$500 OR LESS,07/21/2018 12:12:00 PM,IMPROPER TURNING/NO SIGNAL,UNABLE TO DETERMINE,765,W,ADAMS ST,1232,,,,,,,2.0,NO INDICATION OF INJURY,0.0,0.0,0.0,0.0,0.0,2.0,0.0,8,3,7,41.879117244,-87.646607192,POINT (-87.646607192167 41.879117244017)
10958,JB353073,,2018-07-17 08:05:00,30,NO CONTROLS,NO CONTROLS,CLEAR,DAYLIGHT,SIDESWIPE SAME DIRECTION,ONE-WAY,2.0,STRAIGHT AND LEVEL,DRY,NO DEFECTS,ON SCENE,NO INJURY / DRIVE AWAY,,,,"OVER $1,500",07/17/2018 08:12:00 AM,IMPROPER LANE USAGE,NOT APPLICABLE,22,E,VAN BUREN ST,113,,,,,,,2.0,NO INDICATION OF INJURY,0.0,0.0,0.0,0.0,0.0,2.0,0.0,8,3,7,41.877061606,-87.626858843,POINT (-87.626858843233 41.877061606447)
11011,JB352760,,2018-07-16 21:15:00,35,TRAFFIC SIGNAL,FUNCTIONING PROPERLY,CLEAR,DARKNESS,PEDALCYCLIST,NOT DIVIDED,,STRAIGHT AND LEVEL,DRY,NO DEFECTS,ON SCENE,INJURY AND / OR TOW DUE TO CRASH,Y,,,"OVER $1,500",07/16/2018 09:21:00 PM,BICYCLE ADVANCING LEGALLY ON RED LIGHT,NOT APPLICABLE,598,S,MICHIGAN AVE,123,,,,,,,2.0,INCAPACITATING INJURY,1.0,0.0,1.0,0.0,0.0,1.0,0.0,21,2,7,41.874499751,-87.624383686,POINT (-87.624383686012 41.874499750839)
11038,JB352817,,2018-07-16 19:00:00,30,NO CONTROLS,NO CONTROLS,CLEAR,DAYLIGHT,SIDESWIPE SAME DIRECTION,ONE-WAY,,STRAIGHT AND LEVEL,DRY,NO DEFECTS,NOT ON SCENE (DESK REPORT),NO INJURY / DRIVE AWAY,,,,"$501 - $1,500",07/16/2018 10:40:00 PM,IMPROPER LANE USAGE,UNABLE TO DETERMINE,222,W,ADAMS ST,122,,,,,,,2.0,NO INDICATION OF INJURY,0.0,0.0,0.0,0.0,0.0,2.0,0.0,19,2,7,41.879487754,-87.634442228,POINT (-87.634442227886 41.879487753534)
11058,JB352573,,2018-07-16 18:30:00,30,TRAFFIC SIGNAL,FUNCTIONING PROPERLY,CLEAR,DAYLIGHT,REAR END,DIVIDED - W/MEDIAN BARRIER,,STRAIGHT AND LEVEL,DRY,NO DEFECTS,NOT ON SCENE (DESK REPORT),NO INJURY / DRIVE AWAY,,,,"OVER $1,500",07/16/2018 07:20:00 PM,UNABLE TO DETERMINE,UNABLE TO DETERMINE,701,S,MICHIGAN AVE,114,,,,,,,2.0,NO INDICATION OF INJURY,0.0,0.0,0.0,0.0,0.0,2.0,0.0,18,2,7,41.873099415,-87.62405157,POINT (-87.624051569998 41.873099414846)
11066,JB352571,,2018-07-16 18:10:00,30,NO CONTROLS,NO CONTROLS,CLEAR,DAYLIGHT,PARKED MOTOR VEHICLE,ONE-WAY,3.0,STRAIGHT AND LEVEL,DRY,NO DEFECTS,ON SCENE,NO INJURY / DRIVE AWAY,,,,"OVER $1,500",07/16/2018 07:17:00 PM,IMPROPER OVERTAKING/PASSING,NOT APPLICABLE,400,W,MADISON ST,121,,,,,,,2.0,NO INDICATION OF INJURY,0.0,0.0,0.0,0.0,0.0,1.0,0.0,18,2,7,41.882007859,-87.638245404,POINT (-87.638245403615 41.882007858778)
11070,JB352565,,2018-07-16 18:00:00,30,TRAFFIC SIGNAL,FUNCTIONING PROPERLY,UNKNOWN,DAYLIGHT,TURNING,ONE-WAY,2.0,STRAIGHT AND LEVEL,UNKNOWN,NO DEFECTS,NOT ON SCENE (DESK REPORT),NO INJURY / DRIVE AWAY,Y,,,"OVER $1,500",07/16/2018 07:20:00 PM,IMPROPER TURNING/NO SIGNAL,NOT APPLICABLE,150,N,WELLS ST,122,,,,,,,2.0,NO INDICATION OF INJURY,0.0,0.0,0.0,0.0,0.0,2.0,0.0,18,2,7,41.884498406,-87.634042847,POINT (-87.634042846828 41.884498405733)
11077,JB352572,,2018-07-16 17:45:00,35,TRAFFIC SIGNAL,FUNCTIONING PROPERLY,CLEAR,DAYLIGHT,SIDESWIPE SAME DIRECTION,NOT DIVIDED,,STRAIGHT AND LEVEL,DRY,NO DEFECTS,NOT ON SCENE (DESK REPORT),NO INJURY / DRIVE AWAY,,,,"OVER $1,500",07/16/2018 07:31:00 PM,IMPROPER LANE USAGE,UNABLE TO DETERMINE,200,W,RANDOLPH ST,122,,,,,,,2.0,NO INDICATION OF INJURY,0.0,0.0,0.0,0.0,0.0,2.0,0.0,17,2,7,41.884579046,-87.633969721,POINT (-87.633969720953 41.884579045949)
11086,JB352438,,2018-07-16 17:15:00,30,TRAFFIC SIGNAL,FUNCTIONING PROPERLY,CLEAR,DAYLIGHT,TURNING,OTHER,0.0,STRAIGHT AND LEVEL,DRY,NO DEFECTS,NOT ON SCENE (DESK REPORT),NO INJURY / DRIVE AWAY,,,,"OVER $1,500",07/16/2018 06:00:00 PM,UNABLE TO DETERMINE,UNABLE TO DETERMINE,150,N,JEFFERSON ST,121,,,,,,,2.0,NO INDICATION OF INJURY,0.0,0.0,0.0,0.0,0.0,2.0,0.0,17,2,7,41.884621528000004,-87.642885583,POINT (-87.642885583026 41.884621527834)
11096,JB352780,,2018-07-16 16:53:00,30,TRAFFIC SIGNAL,FUNCTIONING PROPERLY,CLEAR,DAYLIGHT,TURNING,NOT DIVIDED,3.0,STRAIGHT AND LEVEL,DRY,NO DEFECTS,NOT ON SCENE (DESK REPORT),NO INJURY / DRIVE AWAY,,,Y,"OVER $1,500",07/16/2018 04:53:00 PM,IMPROPER LANE USAGE,FAILING TO YIELD RIGHT-OF-WAY,302,W,LAKE ST,122,,,,,,,2.0,NO INDICATION OF INJURY,0.0,0.0,0.0,0.0,0.0,2.0,0.0,16,2,7,41.885847342,-87.635526255,POINT (-87.635526255482 41.885847341536)
11107,JB352515,,2018-07-16 16:20:00,30,TRAFFIC SIGNAL,FUNCTIONING PROPERLY,CLEAR,DAYLIGHT,TURNING,DIVIDED - W/MEDIAN BARRIER,,STRAIGHT AND LEVEL,DRY,NO DEFECTS,ON SCENE,NO INJURY / DRIVE AWAY,Y,,,"$501 - $1,500",07/16/2018 06:30:00 PM,UNABLE TO DETERMINE,NOT APPLICABLE,300,N,MICHIGAN AVE,111,,,,,,,2.0,NO INDICATION OF INJURY,0.0,0.0,0.0,0.0,0.0,2.0,0.0,16,2,7,41.886875795,-87.62468518700001,POINT (-87.624685186707 41.886875795392)
11132,JB352723,,2018-07-16 15:15:00,30,NO CONTROLS,NO CONTROLS,CLEAR,DAYLIGHT,SIDESWIPE SAME DIRECTION,OTHER,4.0,STRAIGHT AND LEVEL,DRY,NO DEFECTS,NOT ON SCENE (DESK REPORT),INJURY AND / OR TOW DUE TO CRASH,,,,"$501 - $1,500",07/16/2018 09:30:00 PM,IMPROPER LANE USAGE,NOT APPLICABLE,77,E,RANDOLPH ST,111,,,,,,,2.0,NONINCAPACITATING INJURY,1.0,0.0,0.0,1.0,0.0,1.0,0.0,15,2,7,41.884388698,-87.625138999,POINT (-87.625138998615 41.884388698354)
11143,JB352768,,2018-07-16 15:00:00,30,TRAFFIC SIGNAL,FUNCTIONING PROPERLY,CLEAR,DAYLIGHT,REAR END,ONE-WAY,3.0,STRAIGHT AND LEVEL,DRY,UNKNOWN,NOT ON SCENE (DESK REPORT),NO INJURY / DRIVE AWAY,Y,,,"OVER $1,500",07/16/2018 09:39:00 PM,FOLLOWING TOO CLOSELY,NOT APPLICABLE,101,W,CONGRESS PKWY,123,,,,,,,2.0,NO INDICATION OF INJURY,0.0,0.0,0.0,0.0,0.0,2.0,0.0,15,2,7,41.875499909,-87.63075825,POINT (-87.63075824989 41.875499909006)
11148,JB352289,,2018-07-16 14:57:00,30,TRAFFIC SIGNAL,FUNCTIONING PROPERLY,RAIN,DAYLIGHT,PARKED MOTOR VEHICLE,ONE-WAY,4.0,STRAIGHT AND LEVEL,WET,NO DEFECTS,ON SCENE,NO INJURY / DRIVE AWAY,,,,"OVER $1,500",07/16/2018 03:54:00 PM,DISTRACTION - FROM INSIDE VEHICLE,NOT APPLICABLE,189,W,ADAMS ST,122,,,,,,,2.0,NO INDICATION OF INJURY,0.0,0.0,0.0,0.0,0.0,2.0,0.0,14,2,7,41.879279917,-87.63340456799999,POINT (-87.633404568162 41.879279916643)
11172,JB352353,,2018-07-16 14:29:00,30,TRAFFIC SIGNAL,FUNCTIONING PROPERLY,CLEAR,DAYLIGHT,TURNING,NOT DIVIDED,2.0,STRAIGHT AND LEVEL,DRY,NO DEFECTS,NOT ON SCENE (DESK REPORT),NO INJURY / DRIVE AWAY,,,,"OVER $1,500",07/16/2018 04:58:00 PM,UNABLE TO DETERMINE,NOT APPLICABLE,630,W,HARRISON ST,124,,,,,,,2.0,NO INDICATION OF INJURY,0.0,0.0,0.0,0.0,0.0,3.0,0.0,14,2,7,41.874463424,-87.643815927,POINT (-87.643815926751 41.874463423738)
11185,JB353993,,2018-07-16 14:00:00,30,TRAFFIC SIGNAL,FUNCTIONING PROPERLY,CLEAR,DAYLIGHT,PEDESTRIAN,ONE-WAY,,STRAIGHT AND LEVEL,DRY,NO DEFECTS,NOT ON SCENE (DESK REPORT),INJURY AND / OR TOW DUE TO CRASH,,,,"OVER $1,500",07/17/2018 07:00:00 PM,UNABLE TO DETERMINE,UNABLE TO DETERMINE,51,N,WELLS ST,122,,,,,,,2.0,NONINCAPACITATING INJURY,1.0,0.0,0.0,1.0,0.0,1.0,0.0,14,2,7,41.883178222,-87.633713291,POINT (-87.633713290784 41.883178221763)
11188,JB352230,,2018-07-16 14:00:00,30,TRAFFIC SIGNAL,FUNCTIONING PROPERLY,CLEAR,DAYLIGHT,REAR END,ONE-WAY,2.0,STRAIGHT AND LEVEL,DRY,NO DEFECTS,NOT ON SCENE (DESK REPORT),NO INJURY / DRIVE AWAY,Y,,Y,"OVER $1,500",07/16/2018 03:45:00 PM,FOLLOWING TOO CLOSELY,NOT APPLICABLE,249,N,CLARK ST,111,,,,,,,2.0,NO INDICATION OF INJURY,0.0,0.0,0.0,0.0,0.0,2.0,0.0,14,2,7,41.88695983,-87.630858676,POINT (-87.630858676034 41.886959830232)
11211,JB352020,,2018-07-16 12:40:00,30,NO CONTROLS,NO CONTROLS,CLEAR,DAYLIGHT,TURNING,ONE-WAY,,STRAIGHT AND LEVEL,DRY,NO DEFECTS,NOT ON SCENE (DESK REPORT),NO INJURY / DRIVE AWAY,N,,,$500 OR LESS,07/16/2018 01:32:00 PM,IMPROPER TURNING/NO SIGNAL,FAILING TO YIELD RIGHT-OF-WAY,190,N,STATE ST,111,,,,,,,2.0,NO INDICATION OF INJURY,0.0,0.0,0.0,0.0,0.0,2.0,0.0,12,2,7,41.88555517,-87.628082725,POINT (-87.628082725161 41.885555169503)
11219,JB351952,,2018-07-16 12:24:00,30,TRAFFIC SIGNAL,FUNCTIONING PROPERLY,CLEAR,DAYLIGHT,PEDALCYCLIST,CENTER TURN LANE,2.0,STRAIGHT AND LEVEL,DRY,NO DEFECTS,ON SCENE,INJURY AND / OR TOW DUE TO CRASH,Y,,,$500 OR LESS,07/16/2018 12:41:00 PM,EQUIPMENT - VEHICLE CONDITION,UNABLE TO DETERMINE,600,W,GRAND AVE,1214,,,,,,,2.0,NONINCAPACITATING INJURY,1.0,0.0,0.0,1.0,0.0,1.0,0.0,12,2,7,41.891363748,-87.643079468,POINT (-87.643079468267 41.89136374776)
11221,JB351949,,2018-07-16 12:20:00,30,NO CONTROLS,NO CONTROLS,CLEAR,DAYLIGHT,SIDESWIPE SAME DIRECTION,DIVIDED - W/MEDIAN BARRIER,6.0,STRAIGHT AND LEVEL,DRY,NO DEFECTS,ON SCENE,INJURY AND / OR TOW DUE TO CRASH,,,,"OVER $1,500",07/16/2018 12:25:00 PM,IMPROPER LANE USAGE,IMPROPER LANE USAGE,30,N,MICHIGAN AVE,112,,,,,,,2.0,NO INDICATION OF INJURY,0.0,0.0,0.0,0.0,0.0,2.0,0.0,12,2,7,41.882754629000004,-87.624535277,POINT (-87.62453527696 41.882754628875)
11241,JB351914,,2018-07-16 11:00:00,30,NO CONTROLS,NO CONTROLS,CLEAR,DAYLIGHT,TURNING,NOT DIVIDED,,STRAIGHT AND LEVEL,DRY,NO DEFECTS,ON SCENE,INJURY AND / OR TOW DUE TO CRASH,,,,"OVER $1,500",07/16/2018 11:30:00 AM,IMPROPER TURNING/NO SIGNAL,IMPROPER TURNING/NO SIGNAL,50,E,LAKE ST,111,,,,,,,2.0,NONINCAPACITATING INJURY,1.0,0.0,0.0,1.0,0.0,1.0,0.0,11,2,7,41.88584266,-87.62621334100001,POINT (-87.626213340823 41.885842660238)
11245,JB351878,,2018-07-16 10:55:00,30,TRAFFIC SIGNAL,NO CONTROLS,CLEAR,DAYLIGHT,TURNING,OTHER,,STRAIGHT AND LEVEL,DRY,NO DEFECTS,NOT ON SCENE (DESK REPORT),NO INJURY / DRIVE AWAY,,,,"$501 - $1,500",07/16/2018 11:55:00 AM,DRIVING SKILLS/KNOWLEDGE/EXPERIENCE,UNABLE TO DETERMINE,2,E,MADISON ST,112,,,,,,,2.0,NO INDICATION OF INJURY,0.0,0.0,0.0,0.0,0.0,2.0,0.0,10,2,7,41.882154808,-87.627784298,POINT (-87.627784297955 41.882154807591)
11274,JB351667,,2018-07-16 09:15:00,30,TRAFFIC SIGNAL,FUNCTIONING PROPERLY,CLEAR,DAYLIGHT,SIDESWIPE SAME DIRECTION,ONE-WAY,,STRAIGHT AND LEVEL,DRY,NO DEFECTS,ON SCENE,NO INJURY / DRIVE AWAY,,,,"OVER $1,500",07/16/2018 09:16:00 AM,IMPROPER TURNING/NO SIGNAL,DISREGARDING ROAD MARKINGS,100,N,JEFFERSON ST,121,,Y,,,,,2.0,NO INDICATION OF INJURY,0.0,0.0,0.0,0.0,0.0,2.0,0.0,9,2,7,41.883233316,-87.64284806299999,POINT (-87.642848062968 41.883233316295)
11280,JB351718,,2018-07-16 09:00:00,30,NO CONTROLS,NO CONTROLS,CLEAR,DAYLIGHT,SIDESWIPE OPPOSITE DIRECTION,NOT DIVIDED,2.0,STRAIGHT AND LEVEL,DRY,UNKNOWN,ON SCENE,NO INJURY / DRIVE AWAY,,,,"OVER $1,500",07/16/2018 10:00:00 AM,CELL PHONE USE OTHER THAN TEXTING,NOT APPLICABLE,400,W,KINZIE ST,1831,,,,,,,2.0,NO INDICATION OF INJURY,0.0,0.0,0.0,0.0,0.0,2.0,0.0,9,2,7,41.889193279000004,-87.638150695,POINT (-87.63815069502 41.889193279096)
11291,JB351728,,2018-07-16 08:30:00,30,NO CONTROLS,NO CONTROLS,CLEAR,DAYLIGHT,TURNING,DIVIDED - W/MEDIAN BARRIER,3.0,STRAIGHT AND LEVEL,DRY,NO DEFECTS,NOT ON SCENE (DESK REPORT),NO INJURY / DRIVE AWAY,,,,"OVER $1,500",07/16/2018 10:15:00 AM,FAILING TO YIELD RIGHT-OF-WAY,FAILING TO YIELD RIGHT-OF-WAY,701,S,STATE ST,123,,,,,,,2.0,NO INDICATION OF INJURY,0.0,0.0,0.0,0.0,0.0,2.0,0.0,8,2,7,41.873055576,-87.627417813,POINT (-87.627417812545 41.873055576445)
11294,JB373449,,2018-07-16 08:20:00,30,UNKNOWN,UNKNOWN,CLEAR,DAYLIGHT,PEDESTRIAN,NOT DIVIDED,,STRAIGHT AND LEVEL,DRY,NO DEFECTS,NOT ON SCENE (DESK REPORT),NO INJURY / DRIVE AWAY,,,,"OVER $1,500",07/31/2018 07:08:00 PM,IMPROPER BACKING,NOT APPLICABLE,200,E,RANDOLPH ST,114,,,,,,,2.0,NO INDICATION OF INJURY,0.0,0.0,0.0,0.0,0.0,2.0,0.0,8,2,7,41.884632076,-87.62224799100001,POINT (-87.622247991089 41.884632075767)
11295,JB351635,,2018-07-16 08:20:00,30,NO CONTROLS,NO CONTROLS,CLEAR,DAYLIGHT,SIDESWIPE SAME DIRECTION,DIVIDED - W/MEDIAN BARRIER,6.0,STRAIGHT AND LEVEL,DRY,NO DEFECTS,NOT ON SCENE (DESK REPORT),NO INJURY / DRIVE AWAY,,,,"OVER $1,500",07/16/2018 09:00:00 AM,FAILING TO YIELD RIGHT-OF-WAY,FAILING TO YIELD RIGHT-OF-WAY,359,S,MICHIGAN AVE,114,,,,,,,2.0,NO INDICATION OF INJURY,0.0,0.0,0.0,0.0,0.0,2.0,0.0,8,2,7,41.877069836,-87.624145496,POINT (-87.624145495633 41.87706983621)