,RD_NO,CRASH_DATE_EST_I,CRASH_DATE,POSTED_SPEED_LIMIT,TRAFFIC_CONTROL_DEVICE,DEVICE_CONDITION,WEATHER_CONDITION,LIGHTING_CONDITION,FIRST_CRASH_TYPE,TRAFFICWAY_TYPE,LANE_CNT,ALIGNMENT,ROADWAY_SURFACE_COND,ROAD_DEFECT,REPORT_TYPE,CRASH_TYPE,INTERSECTION_RELATED_I,NOT_RIGHT_OF_WAY_I,HIT_AND_RUN_I,DAMAGE,DATE_POLICE_NOTIFIED,PRIM_CONTRIBUTORY_CAUSE,SEC_CONTRIBUTORY_CAUSE,STREET_NO,STREET_DIRECTION,STREET_NAME,BEAT_OF_OCCURRENCE,PHOTOS_TAKEN_I,STATEMENTS_TAKEN_I,DOORING_I,WORK_ZONE_I,WORK_ZONE_TYPE,WORKERS_PRESENT_I,NUM_UNITS,MOST_SEVERE_INJURY,INJURIES_TOTAL,INJURIES_FATAL,INJURIES_INCAPACITATING,INJURIES_NON_INCAPACITATING,INJURIES_REPORTED_NOT_EVIDENT,INJURIES_NO_INDICATION,INJURIES_UNKNOWN,CRASH_HOUR,CRASH_DAY_OF_WEEK,CRASH_MONTH,LATITUDE,LONGITUDE,LOCATION
12686,JB345741,,2018-07-11 20:13:00,30,NO CONTROLS,NO CONTROLS,CLEAR,"DARKNESS, LIGHTED ROAD",PARKED MOTOR VEHICLE,ONE-WAY,2.0,STRAIGHT AND LEVEL,DRY,NO DEFECTS,ON SCENE,NO INJURY / DRIVE AWAY,,,,$500 OR LESS,07/11/2018 08:14:00 PM,FAILING TO REDUCE SPEED TO AVOID CRASH,UNABLE TO DETERMINE,66,E,BALBO AVE,123,,,,,,,2.0,NO INDICATION OF INJURY,0.0,0.0,0.0,0.0,0.0,1.0,0.0,20,4,7,41.873249344,-87.625414575,POINT (-87.625414575489 41.873249344079)
12689,JB345774,,2018-07-11 20:00:00,25,NO CONTROLS,NO CONTROLS,CLEAR,DUSK,SIDESWIPE SAME DIRECTION,NOT DIVIDED,4.0,STRAIGHT AND LEVEL,DRY,UNKNOWN,NOT ON SCENE (DESK REPORT),NO INJURY / DRIVE AWAY,,,,"OVER $1,500",07/11/2018 09:00:00 PM,IMPROPER LANE USAGE,UNABLE TO DETERMINE,510,W,LAKE ST,1214,,,,,,,2.0,NO INDICATION OF INJURY,0.0,0.0,0.0,0.0,0.0,2.0,0.0,20,4,7,41.885824058000004,-87.640252755,POINT (-87.640252754686 41.885824057601)
12727,JB345644,,2018-07-11 17:35:00,30,NO CONTROLS,NO CONTROLS,CLEAR,DAYLIGHT,SIDESWIPE SAME DIRECTION,DIVIDED - W/MEDIAN (NOT RAISED),,STRAIGHT AND LEVEL,UNKNOWN,UNKNOWN,NOT ON SCENE (DESK REPORT),NO INJURY / DRIVE AWAY,,,Y,"$501 - $1,500",07/11/2018 06:30:00 PM,UNABLE TO DETERMINE,NOT APPLICABLE,149,N,MICHIGAN AVE,114,,,,,,,2.0,NO INDICATION OF INJURY,0.0,0.0,0.0,0.0,0.0,2.0,0.0,17,4,7,41.884412696999995,-87.624302399,POINT (-87.624302399283 41.884412697173)
12811,JB345299,,2018-07-11 14:05:00,30,NO CONTROLS,NO CONTROLS,CLEAR,DAYLIGHT,TURNING,ONE-WAY,3.0,STRAIGHT AND LEVEL,DRY,NO DEFECTS,NOT ON SCENE (DESK REPORT),NO INJURY / DRIVE AWAY,,,,"OVER $1,500",07/11/2018 03:00:00 PM,IMPROPER OVERTAKING/PASSING,NOT APPLICABLE,65,E,MONROE ST,112,,,,,,,2.0,NO INDICATION OF INJURY,0.0,0.0,0.0,0.0,0.0,2.0,0.0,14,4,7,41.880696326,-87.625284401,POINT (-87.625284400857 41.880696326429)
12813,JB345217,,2018-07-11 14:00:00,30,TRAFFIC SIGNAL,FUNCTIONING PROPERLY,CLEAR,DAYLIGHT,TURNING,NOT DIVIDED,,STRAIGHT AND LEVEL,DRY,NO DEFECTS,NOT ON SCENE (DESK REPORT),NO INJURY / DRIVE AWAY,Y,,,"OVER $1,500",07/11/2018 02:20:00 PM,FOLLOWING TOO CLOSELY,FAILING TO REDUCE SPEED TO AVOID CRASH,700,S,MICHIGAN AVE,123,,,,,,,2.0,NO INDICATION OF INJURY,0.0,0.0,0.0,0.0,0.0,2.0,0.0,14,4,7,41.873095485,-87.624345248,POINT (-87.624345247792 41.873095485332)
12837,JB347608,,2018-07-11 13:00:00,35,TRAFFIC SIGNAL,FUNCTIONING PROPERLY,CLEAR,DAYLIGHT,REAR END,DIVIDED - W/MEDIAN (NOT RAISED),2.0,STRAIGHT AND LEVEL,DRY,NO DEFECTS,NOT ON SCENE (DESK REPORT),NO INJURY / DRIVE AWAY,,,,"$501 - $1,500",07/13/2018 08:50:00 AM,UNABLE TO DETERMINE,FOLLOWING TOO CLOSELY,445,S,STATE ST,113,,,,,,,2.0,NO INDICATION OF INJURY,0.0,0.0,0.0,0.0,0.0,2.0,0.0,13,4,7,41.875844424,-87.627477184,POINT (-87.627477184273 41.875844423592)
12863,JB344994,Y,2018-07-11 11:25:00,30,TRAFFIC SIGNAL,FUNCTIONING PROPERLY,CLEAR,DAYLIGHT,SIDESWIPE SAME DIRECTION,DIVIDED - W/MEDIAN (NOT RAISED),3.0,STRAIGHT AND LEVEL,DRY,UNKNOWN,ON SCENE,NO INJURY / DRIVE AWAY,,,,"OVER $1,500",07/11/2018 11:26:00 AM,UNABLE TO DETERMINE,NOT APPLICABLE,200,S,MICHIGAN AVE,113,,,,,,,2.0,NO INDICATION OF INJURY,0.0,0.0,0.0,0.0,0.0,2.0,0.0,11,4,7,41.879489329,-87.624498125,POINT (-87.624498124934 41.879489328698)
12875,JB356081,,2018-07-11 10:44:00,0,NO CONTROLS,NO CONTROLS,UNKNOWN,UNKNOWN,FIXED OBJECT,OTHER,1.0,"CURVE, LEVEL",UNKNOWN,UNKNOWN,NOT ON SCENE (DESK REPORT),NO INJURY / DRIVE AWAY,,Y,,"OVER $1,500",07/19/2018 09:50:00 AM,EQUIPMENT - VEHICLE CONDITION,EQUIPMENT - VEHICLE CONDITION,60,E,MONROE ST,112,,,,,,,1.0,NO INDICATION OF INJURY,0.0,0.0,0.0,0.0,0.0,1.0,0.0,10,4,7,41.880910680999996,-87.62550910600001,POINT (-87.62550910573 41.880910681031)
12887,JB345781,,2018-07-11 10:00:00,30,NO CONTROLS,NO CONTROLS,CLEAR,DAYLIGHT,REAR END,ONE-WAY,2.0,STRAIGHT AND LEVEL,DRY,NO DEFECTS,NOT ON SCENE (DESK REPORT),NO INJURY / DRIVE AWAY,,,Y,"OVER $1,500",07/11/2018 09:15:00 PM,FOLLOWING TOO CLOSELY,NOT APPLICABLE,170,W,JACKSON BLVD,122,,,,,,,2.0,NO INDICATION OF INJURY,0.0,0.0,0.0,0.0,0.0,2.0,0.0,10,4,7,41.878235155,-87.633084585,POINT (-87.63308458508 41.878235155083)
12893,JB351169,,2018-07-11 09:50:00,30,TRAFFIC SIGNAL,FUNCTIONING PROPERLY,CLEAR,DAYLIGHT,PEDALCYCLIST,NOT DIVIDED,2.0,STRAIGHT AND LEVEL,DRY,NO DEFECTS,NOT ON SCENE (DESK REPORT),NO INJURY / DRIVE AWAY,Y,,,"OVER $1,500",07/15/2018 08:27:00 PM,IMPROPER OVERTAKING/PASSING,NOT APPLICABLE,798,W,LAKE ST,1214,,,,,,,2.0,NO INDICATION OF INJURY,0.0,0.0,0.0,0.0,0.0,3.0,0.0,9,4,7,41.885775202,-87.647423733,POINT (-87.647423733177 41.885775202227)
12897,JB344917,,2018-07-11 09:40:00,30,TRAFFIC SIGNAL,FUNCTIONING PROPERLY,CLEAR,DAYLIGHT,SIDESWIPE SAME DIRECTION,CENTER TURN LANE,4.0,STRAIGHT AND LEVEL,DRY,NO DEFECTS,ON SCENE,INJURY AND / OR TOW DUE TO CRASH,,,,"OVER $1,500",07/11/2018 10:00:00 AM,UNABLE TO DETERMINE,UNABLE TO DETERMINE,106,N,HALSTED ST,1224,,,,Y,CONSTRUCTION,,2.0,NONINCAPACITATING INJURY,1.0,0.0,0.0,1.0,0.0,1.0,0.0,9,4,7,41.883383975,-87.647555204,POINT (-87.647555204452 41.883383975182)
12903,JB344853,,2018-07-11 09:20:00,35,TRAFFIC SIGNAL,FUNCTIONING PROPERLY,CLEAR,DAYLIGHT,REAR END,DIVIDED - W/MEDIAN (NOT RAISED),8.0,STRAIGHT AND LEVEL,DRY,NO DEFECTS,NOT ON SCENE (DESK REPORT),NO INJURY / DRIVE AWAY,,,,"$501 - $1,500",07/11/2018 09:25:00 AM,IMPROPER BACKING,IMPROPER BACKING,2,W,CONGRESS PKWY,113,,,,,,,2.0,NO INDICATION OF INJURY,0.0,0.0,0.0,0.0,0.0,2.0,0.0,9,4,7,41.87574748,-87.62767400700001,POINT (-87.627674006991 41.875747479612)
12905,JB344813,,2018-07-11 09:11:00,30,TRAFFIC SIGNAL,FUNCTIONING IMPROPERLY,CLEAR,DAYLIGHT,PEDESTRIAN,NOT DIVIDED,4.0,STRAIGHT AND LEVEL,DRY,NO DEFECTS,ON SCENE,INJURY AND / OR TOW DUE TO CRASH,Y,,,$500 OR LESS,07/11/2018 10:05:00 AM,FAILING TO YIELD RIGHT-OF-WAY,UNABLE TO DETERMINE,45,E,MONROE ST,112,,,,,,,2.0,NONINCAPACITATING INJURY,1.0,0.0,0.0,1.0,0.0,1.0,0.0,9,4,7,41.880681803,-87.626004548,POINT (-87.626004547722 41.880681803244)
12911,JB344889,,2018-07-11 09:00:00,30,NO CONTROLS,NO CONTROLS,CLEAR,DAYLIGHT,REAR END,ONE-WAY,2.0,STRAIGHT AND LEVEL,DRY,NO DEFECTS,NOT ON SCENE (DESK REPORT),NO INJURY / DRIVE AWAY,,,,"OVER $1,500",07/11/2018 09:40:00 AM,IMPROPER BACKING,IMPROPER BACKING,232,S,FRANKLIN ST,122,,,,,,,2.0,NO INDICATION OF INJURY,0.0,0.0,0.0,0.0,0.0,2.0,0.0,9,4,7,41.878454082,-87.63535775,POINT (-87.635357749837 41.878454082477)
12927,JB344809,,2018-07-11 08:25:00,30,NO CONTROLS,NO CONTROLS,CLEAR,DAYLIGHT,SIDESWIPE SAME DIRECTION,DIVIDED - W/MEDIAN (NOT RAISED),2.0,STRAIGHT AND LEVEL,DRY,NO DEFECTS,ON SCENE,NO INJURY / DRIVE AWAY,,,,"OVER $1,500",07/11/2018 08:45:00 AM,IMPROPER OVERTAKING/PASSING,NOT APPLICABLE,240,N,LA SALLE ST,122,,,,,,,2.0,NO INDICATION OF INJURY,0.0,0.0,0.0,0.0,0.0,3.0,0.0,8,4,7,41.886784407,-87.632627059,POINT (-87.632627059079 41.886784406868)
12939,JB345838,,2018-07-11 07:56:00,30,NO CONTROLS,NO CONTROLS,CLEAR,DAYLIGHT,SIDESWIPE SAME DIRECTION,ONE-WAY,3.0,STRAIGHT AND LEVEL,DRY,NO DEFECTS,NOT ON SCENE (DESK REPORT),NO INJURY / DRIVE AWAY,,,,"$501 - $1,500",07/11/2018 10:15:00 PM,UNABLE TO DETERMINE,UNABLE TO DETERMINE,344,N,ORLEANS ST,1831,,,,,,,2.0,NO INDICATION OF INJURY,0.0,0.0,0.0,0.0,0.0,2.0,0.0,7,4,7,41.888470741999996,-87.636958687,POINT (-87.636958686579 41.888470742183)
12951,JB344743,,2018-07-11 06:40:00,30,NO CONTROLS,NO CONTROLS,CLEAR,DAYLIGHT,PARKED MOTOR VEHICLE,DIVIDED - W/MEDIAN (NOT RAISED),,STRAIGHT AND LEVEL,DRY,NO DEFECTS,,NO INJURY / DRIVE AWAY,,,,"$501 - $1,500",07/11/2018 07:05:00 AM,UNABLE TO DETERMINE,NOT APPLICABLE,200,W,MONROE ST,122,,,,,,,2.0,NO INDICATION OF INJURY,0.0,0.0,0.0,0.0,0.0,1.0,0.0,6,4,7,41.880768961,-87.633874974,POINT (-87.633874974095 41.880768960918)
13033,JB345625,,2018-07-10 18:30:00,30,NO CONTROLS,NO CONTROLS,CLEAR,DAYLIGHT,REAR END,DIVIDED - W/MEDIAN (NOT RAISED),1.0,STRAIGHT AND LEVEL,DRY,NO DEFECTS,NOT ON SCENE (DESK REPORT),NO INJURY / DRIVE AWAY,,,,"OVER $1,500",07/11/2018 06:37:00 PM,IMPROPER BACKING,NOT APPLICABLE,100,E,LOWER WACKER DR,114,,,,,,,2.0,NO INDICATION OF INJURY,0.0,0.0,0.0,0.0,0.0,2.0,0.0,18,3,7,41.888432091999995,-87.624424687,POINT (-87.624424686932 41.88843209205)
13038,JB344216,,2018-07-10 18:25:00,30,NO CONTROLS,NO CONTROLS,CLEAR,DAYLIGHT,SIDESWIPE SAME DIRECTION,ONE-WAY,5.0,STRAIGHT AND LEVEL,DRY,NO DEFECTS,ON SCENE,NO INJURY / DRIVE AWAY,,,,$500 OR LESS,07/10/2018 06:29:00 PM,IMPROPER OVERTAKING/PASSING,UNABLE TO DETERMINE,540,W,MADISON ST,121,,,,,,,2.0,NO INDICATION OF INJURY,0.0,0.0,0.0,0.0,0.0,2.0,0.0,18,3,7,41.881966449000004,-87.641275825,POINT (-87.641275825477 41.881966448756)
13045,JB344367,,2018-07-10 18:03:00,30,TRAFFIC SIGNAL,FUNCTIONING PROPERLY,CLEAR,DAYLIGHT,REAR END,NOT DIVIDED,2.0,STRAIGHT AND LEVEL,DRY,NO DEFECTS,NOT ON SCENE (DESK REPORT),NO INJURY / DRIVE AWAY,,,,"OVER $1,500",07/10/2018 08:23:00 PM,FOLLOWING TOO CLOSELY,NOT APPLICABLE,160,N,HALSTED ST,1224,,,,,,,2.0,NO INDICATION OF INJURY,0.0,0.0,0.0,0.0,0.0,2.0,0.0,18,3,7,41.884873227,-87.64759639,POINT (-87.647596389554 41.884873226782)
13057,JB344165,,2018-07-10 18:00:00,30,TRAFFIC SIGNAL,FUNCTIONING PROPERLY,CLEAR,DAYLIGHT,TURNING,NOT DIVIDED,,STRAIGHT AND LEVEL,DRY,NO DEFECTS,NOT ON SCENE (DESK REPORT),NO INJURY / DRIVE AWAY,,,Y,"OVER $1,500",07/10/2018 06:35:00 PM,IMPROPER TURNING/NO SIGNAL,NOT APPLICABLE,600,S,MICHIGAN AVE,123,,,,,,,2.0,NO INDICATION OF INJURY,0.0,0.0,0.0,0.0,0.0,3.0,0.0,18,3,7,41.874371615,-87.62437952799999,POINT (-87.624379527782 41.874371615359)
13058,JB344319,,2018-07-10 17:55:00,30,TRAFFIC SIGNAL,FUNCTIONING PROPERLY,CLEAR,DAYLIGHT,SIDESWIPE SAME DIRECTION,ONE-WAY,2.0,STRAIGHT AND LEVEL,DRY,NO DEFECTS,NOT ON SCENE (DESK REPORT),NO INJURY / DRIVE AWAY,Y,,Y,"$501 - $1,500",07/10/2018 07:40:00 PM,IMPROPER LANE USAGE,NOT APPLICABLE,334,W,RANDOLPH ST,122,,,,,,,2.0,NO INDICATION OF INJURY,0.0,0.0,0.0,0.0,0.0,2.0,0.0,17,3,7,41.88457131,-87.636374675,POINT (-87.636374674954 41.884571310443)
13061,JB344224,,2018-07-10 17:45:00,35,NO CONTROLS,NO CONTROLS,CLEAR,DAYLIGHT,SIDESWIPE SAME DIRECTION,ONE-WAY,3.0,STRAIGHT AND LEVEL,DRY,NO DEFECTS,ON SCENE,INJURY AND / OR TOW DUE TO CRASH,,,,"OVER $1,500",07/10/2018 06:40:00 PM,IMPROPER LANE USAGE,NOT APPLICABLE,317,W,RANDOLPH ST,122,,,,,,,2.0,NO INDICATION OF INJURY,0.0,0.0,0.0,0.0,0.0,2.0,0.0,17,3,7,41.884354378000005,-87.635884395,POINT (-87.635884394521 41.884354378134)
13075,JB344053,,2018-07-10 17:08:00,30,TRAFFIC SIGNAL,FUNCTIONING PROPERLY,CLEAR,DAYLIGHT,TURNING,DIVIDED - W/MEDIAN (NOT RAISED),2.0,STRAIGHT AND LEVEL,DRY,NO DEFECTS,ON SCENE,NO INJURY / DRIVE AWAY,Y,,,"$501 - $1,500",07/10/2018 05:10:00 PM,FAILING TO YIELD RIGHT-OF-WAY,UNABLE TO DETERMINE,546,W,JACKSON BLVD,121,,,,,,,2.0,NO INDICATION OF INJURY,0.0,0.0,0.0,0.0,0.0,2.0,0.0,17,3,7,41.878133666,-87.641409526,POINT (-87.641409525933 41.878133665735)
13137,JB349815,,2018-07-10 15:00:00,30,TRAFFIC SIGNAL,FUNCTIONING PROPERLY,CLEAR,DAYLIGHT,REAR END,NOT DIVIDED,2.0,STRAIGHT AND LEVEL,DRY,NO DEFECTS,NOT ON SCENE (DESK REPORT),NO INJURY / DRIVE AWAY,,,,"OVER $1,500",07/14/2018 05:59:00 PM,FOLLOWING TOO CLOSELY,NOT APPLICABLE,198,N,MICHIGAN AVE,111,,,,,,,2.0,NO INDICATION OF INJURY,0.0,0.0,0.0,0.0,0.0,2.0,0.0,15,3,7,41.885684739,-87.624652918,POINT (-87.624652917653 41.885684738804)
13147,JB343888,,2018-07-10 14:43:00,30,NO CONTROLS,NO CONTROLS,CLEAR,DAYLIGHT,SIDESWIPE SAME DIRECTION,DIVIDED - W/MEDIAN BARRIER,,STRAIGHT AND LEVEL,DRY,NO DEFECTS,ON SCENE,INJURY AND / OR TOW DUE TO CRASH,,,,"OVER $1,500",07/10/2018 03:40:00 PM,IMPROPER LANE USAGE,FAILING TO REDUCE SPEED TO AVOID CRASH,200,S,WACKER DR,122,,,,,,,2.0,NO INDICATION OF INJURY,0.0,0.0,0.0,0.0,0.0,2.0,0.0,14,3,7,41.87928364,-87.63710070399999,POINT (-87.637100704438 41.879283639964)
13153,JB343921,,2018-07-10 14:30:00,30,OTHER,NO CONTROLS,CLEAR,DAYLIGHT,SIDESWIPE SAME DIRECTION,DIVIDED - W/MEDIAN (NOT RAISED),,STRAIGHT AND LEVEL,DRY,NO DEFECTS,NOT ON SCENE (DESK REPORT),NO INJURY / DRIVE AWAY,,,,"OVER $1,500",07/10/2018 04:10:00 PM,UNABLE TO DETERMINE,"VISION OBSCURED (SIGNS, TREE LIMBS, BUILDINGS, ETC.)",400,S,CLARK ST,122,,,,,,,2.0,NO INDICATION OF INJURY,0.0,0.0,0.0,0.0,0.0,2.0,0.0,14,3,7,41.876818253,-87.6308945,POINT (-87.630894500009 41.876818253091)
13190,JB343662,,2018-07-10 12:30:00,30,TRAFFIC SIGNAL,FUNCTIONING PROPERLY,CLEAR,DAYLIGHT,TURNING,DIVIDED - W/MEDIAN BARRIER,0.0,STRAIGHT AND LEVEL,DRY,NO DEFECTS,NOT ON SCENE (DESK REPORT),NO INJURY / DRIVE AWAY,,,,"OVER $1,500",07/10/2018 01:15:00 PM,UNABLE TO DETERMINE,UNABLE TO DETERMINE,200,S,WACKER DR,122,,,,,,,2.0,NO INDICATION OF INJURY,0.0,0.0,0.0,0.0,0.0,2.0,0.0,12,3,7,41.87928364,-87.63710070399999,POINT (-87.637100704438 41.879283639964)
13194,JB343622,,2018-07-10 12:08:00,30,TRAFFIC SIGNAL,FUNCTIONING PROPERLY,CLEAR,DAYLIGHT,REAR END,NOT DIVIDED,4.0,STRAIGHT AND LEVEL,DRY,NO DEFECTS,ON SCENE,INJURY AND / OR TOW DUE TO CRASH,,,,"OVER $1,500",07/10/2018 12:33:00 PM,DISTRACTION - FROM INSIDE VEHICLE,NOT APPLICABLE,247,S,STATE ST,113,,,,,,,2.0,NONINCAPACITATING INJURY,1.0,0.0,0.0,1.0,0.0,1.0,0.0,12,3,7,41.878312681,-87.62753416,POINT (-87.627534159704 41.878312680693)
13215,JB343664,,2018-07-10 11:12:00,5,NO CONTROLS,NO CONTROLS,CLEAR,DAYLIGHT,HEAD ON,PARKING LOT,1.0,CURVE ON HILLCREST,DRY,NO DEFECTS,NOT ON SCENE (DESK REPORT),NO INJURY / DRIVE AWAY,,,Y,$500 OR LESS,07/10/2018 01:00:00 PM,IMPROPER BACKING,NOT APPLICABLE,181,N,CLARK ST,111,,,,,,,2.0,NO INDICATION OF INJURY,0.0,0.0,0.0,0.0,0.0,3.0,0.0,11,3,7,41.885253798,-87.630815614,POINT (-87.630815614115 41.885253798084)
13217,JB343572,,2018-07-10 11:08:00,30,STOP SIGN/FLASHER,FUNCTIONING PROPERLY,CLEAR,DAYLIGHT,PEDESTRIAN,ONE-WAY,2.0,STRAIGHT AND LEVEL,DRY,NO DEFECTS,NOT ON SCENE (DESK REPORT),INJURY AND / OR TOW DUE TO CRASH,Y,,,$500 OR LESS,07/10/2018 11:30:00 AM,FAILING TO YIELD RIGHT-OF-WAY,FAILING TO REDUCE SPEED TO AVOID CRASH,720,W,JACKSON BLVD,121,,,,,,,2.0,NONINCAPACITATING INJURY,1.0,0.0,0.0,1.0,0.0,1.0,0.0,11,3,7,41.878085526999996,-87.64495083799999,POINT (-87.644950837859 41.878085526831)
13223,JB343488,Y,2018-07-10 10:30:00,30,TRAFFIC SIGNAL,FUNCTIONING PROPERLY,CLEAR,DAYLIGHT,TURNING,DRIVEWAY,,STRAIGHT AND LEVEL,DRY,NO DEFECTS,ON SCENE,INJURY AND / OR TOW DUE TO CRASH,,,,$500 OR LESS,07/10/2018 10:37:00 AM,IMPROPER OVERTAKING/PASSING,IMPROPER OVERTAKING/PASSING,700,S,MICHIGAN AVE,123,,,,,,,2.0,NO INDICATION OF INJURY,0.0,0.0,0.0,0.0,0.0,2.0,0.0,10,3,7,41.873095485,-87.624345248,POINT (-87.624345247792 41.873095485332)
13243,JB343537,,2018-07-10 09:30:00,0,NO CONTROLS,NO CONTROLS,CLEAR,DAYLIGHT,SIDESWIPE SAME DIRECTION,ONE-WAY,3.0,STRAIGHT AND LEVEL,DRY,NO DEFECTS,NOT ON SCENE (DESK REPORT),NO INJURY / DRIVE AWAY,,,,"OVER $1,500",07/10/2018 11:45:00 AM,IMPROPER OVERTAKING/PASSING,IMPROPER LANE USAGE,44,W,RANDOLPH ST,111,,,,,,,2.0,NO INDICATION OF INJURY,0.0,0.0,0.0,0.0,0.0,3.0,0.0,9,3,7,41.884592479,-87.629596444,POINT (-87.629596443888 41.884592479334)
13244,JB343487,,2018-07-10 09:30:00,35,NO CONTROLS,NO CONTROLS,CLEAR,DAYLIGHT,TURNING,NOT DIVIDED,2.0,STRAIGHT AND LEVEL,DRY,NO DEFECTS,NOT ON SCENE (DESK REPORT),NO INJURY / DRIVE AWAY,Y,,,$500 OR LESS,07/10/2018 11:25:00 AM,IMPROPER TURNING/NO SIGNAL,IMPROPER LANE USAGE,50,E,MADISON ST,112,,,,,,,2.0,NO INDICATION OF INJURY,0.0,0.0,0.0,0.0,0.0,2.0,0.0,9,3,7,41.88219617,-87.626030218,POINT (-87.626030217791 41.882196170118)
13247,JB343349,,2018-07-10 09:24:00,30,NO CONTROLS,NO CONTROLS,CLEAR,DAYLIGHT,REAR END,DIVIDED - W/MEDIAN (NOT RAISED),,STRAIGHT AND LEVEL,DRY,NO DEFECTS,NOT ON SCENE (DESK REPORT),INJURY AND / OR TOW DUE TO CRASH,,,,"OVER $1,500",07/10/2018 09:25:00 AM,FOLLOWING TOO CLOSELY,DISTRACTION - FROM INSIDE VEHICLE,141,S,HALSTED ST,1232,,,,,,,2.0,INCAPACITATING INJURY,1.0,0.0,1.0,0.0,0.0,1.0,0.0,9,3,7,41.879283701,-87.647135644,POINT (-87.64713564422 41.879283701455)
13248,JB345800,,2018-07-10 09:23:00,30,NO CONTROLS,NO CONTROLS,CLEAR,DAYLIGHT,SIDESWIPE SAME DIRECTION,NOT DIVIDED,,STRAIGHT AND LEVEL,DRY,NO DEFECTS,NOT ON SCENE (DESK REPORT),NO INJURY / DRIVE AWAY,,,Y,"OVER $1,500",07/11/2018 09:18:00 PM,IMPROPER OVERTAKING/PASSING,IMPROPER TURNING/NO SIGNAL,321,N,CLARK ST,1831,,,,,,,2.0,NO INDICATION OF INJURY,0.0,0.0,0.0,0.0,0.0,2.0,0.0,9,3,7,41.888087353,-87.630888075,POINT (-87.63088807453 41.888087353101)
13250,JB344235,,2018-07-10 09:20:00,30,NO CONTROLS,NO CONTROLS,CLEAR,DAYLIGHT,SIDESWIPE SAME DIRECTION,NOT DIVIDED,,STRAIGHT AND LEVEL,DRY,NO DEFECTS,NOT ON SCENE (DESK REPORT),NO INJURY / DRIVE AWAY,,,,$500 OR LESS,07/10/2018 07:03:00 PM,UNABLE TO DETERMINE,UNABLE TO DETERMINE,799,W,ADAMS ST,1232,,,,,,,2.0,NO INDICATION OF INJURY,0.0,0.0,0.0,0.0,0.0,2.0,0.0,9,3,7,41.879108043,-87.64722962399999,POINT (-87.647229623663 41.879108042955)
13251,JB343486,,2018-07-10 09:20:00,30,NO CONTROLS,NO CONTROLS,CLEAR,DAYLIGHT,SIDESWIPE SAME DIRECTION,DIVIDED - W/MEDIAN (NOT RAISED),2.0,STRAIGHT AND LEVEL,WET,NO DEFECTS,NOT ON SCENE (DESK REPORT),NO INJURY / DRIVE AWAY,,,,$500 OR LESS,07/10/2018 11:18:00 AM,IMPROPER OVERTAKING/PASSING,UNABLE TO DETERMINE,640,W,MADISON ST,121,,,,,,,2.0,NO INDICATION OF INJURY,0.0,0.0,0.0,0.0,0.0,2.0,0.0,9,3,7,41.881929168,-87.64418136,POINT (-87.644181359709 41.881929167569)
13254,JB343348,,2018-07-10 09:15:00,0,TRAFFIC SIGNAL,FUNCTIONING PROPERLY,CLEAR,DAYLIGHT,TURNING,NOT DIVIDED,,STRAIGHT AND LEVEL,DRY,NO DEFECTS,NOT ON SCENE (DESK REPORT),NO INJURY / DRIVE AWAY,,,,"OVER $1,500",07/10/2018 09:45:00 AM,IMPROPER TURNING/NO SIGNAL,DRIVING SKILLS/KNOWLEDGE/EXPERIENCE,300,S,STATE ST,113,,,,,,,2.0,NO INDICATION OF INJURY,0.0,0.0,0.0,0.0,0.0,2.0,0.0,9,3,7,41.87811121,-87.627822076,POINT (-87.627822076086 41.878111209675)