,RD_NO,CRASH_DATE_EST_I,CRASH_DATE,POSTED_SPEED_LIMIT,TRAFFIC_CONTROL_DEVICE,DEVICE_CONDITION,WEATHER_CONDITION,LIGHTING_CONDITION,FIRST_CRASH_TYPE,TRAFFICWAY_TYPE,LANE_CNT,ALIGNMENT,ROADWAY_SURFACE_COND,ROAD_DEFECT,REPORT_TYPE,CRASH_TYPE,INTERSECTION_RELATED_I,NOT_RIGHT_OF_WAY_I,HIT_AND_RUN_I,DAMAGE,DATE_POLICE_NOTIFIED,PRIM_CONTRIBUTORY_CAUSE,SEC_CONTRIBUTORY_CAUSE,STREET_NO,STREET_DIRECTION,STREET_NAME,BEAT_OF_OCCURRENCE,PHOTOS_TAKEN_I,STATEMENTS_TAKEN_I,DOORING_I,WORK_ZONE_I,WORK_ZONE_TYPE,WORKERS_PRESENT_I,NUM_UNITS,MOST_SEVERE_INJURY,INJURIES_TOTAL,INJURIES_FATAL,INJURIES_INCAPACITATING,INJURIES_NON_INCAPACITATING,INJURIES_REPORTED_NOT_EVIDENT,INJURIES_NO_INDICATION,INJURIES_UNKNOWN,CRASH_HOUR,CRASH_DAY_OF_WEEK,CRASH_MONTH,LATITUDE,LONGITUDE,LOCATION
14722,JB337426,,2018-07-06 03:07:00,30,TRAFFIC SIGNAL,FUNCTIONING PROPERLY,CLEAR,"DARKNESS, LIGHTED ROAD",PARKED MOTOR VEHICLE,ONE-WAY,2.0,STRAIGHT AND LEVEL,DRY,NO DEFECTS,ON SCENE,NO INJURY / DRIVE AWAY,,,,$500 OR LESS,07/06/2018 03:07:00 AM,DRIVING SKILLS/KNOWLEDGE/EXPERIENCE,NOT APPLICABLE,60,W,ILLINOIS ST,1831,,,,,,,2.0,NO INDICATION OF INJURY,0.0,0.0,0.0,0.0,0.0,1.0,0.0,3,6,7,41.890940946,-87.630324339,POINT (-87.630324339166 41.890940946428)
14755,JB337710,,2018-07-05 21:00:00,15,NO CONTROLS,NO CONTROLS,CLEAR,DAYLIGHT,PARKED MOTOR VEHICLE,PARKING LOT,0.0,STRAIGHT AND LEVEL,DRY,NO DEFECTS,NOT ON SCENE (DESK REPORT),NO INJURY / DRIVE AWAY,,,,"$501 - $1,500",07/06/2018 11:00:00 AM,NOT APPLICABLE,NOT APPLICABLE,350,N,DESPLAINES ST,1214,,,,,,,2.0,NO INDICATION OF INJURY,0.0,0.0,0.0,0.0,0.0,1.0,0.0,21,5,7,41.888300023,-87.644461851,POINT (-87.644461850945 41.888300022931)
14785,JB336996,,2018-07-05 18:24:00,30,TRAFFIC SIGNAL,FUNCTIONING PROPERLY,CLEAR,DAYLIGHT,PEDESTRIAN,DIVIDED - W/MEDIAN (NOT RAISED),2.0,STRAIGHT AND LEVEL,DRY,NO DEFECTS,ON SCENE,INJURY AND / OR TOW DUE TO CRASH,Y,,,"OVER $1,500",07/05/2018 06:26:00 PM,FAILING TO YIELD RIGHT-OF-WAY,IMPROPER OVERTAKING/PASSING,759,W,HARRISON ST,1232,,,,,,,2.0,NONINCAPACITATING INJURY,1.0,0.0,0.0,1.0,0.0,1.0,0.0,18,5,7,41.874215506999995,-87.646286301,POINT (-87.646286300579 41.874215506784)
14790,JB336956,,2018-07-05 18:04:00,30,NO CONTROLS,NO CONTROLS,CLOUDY/OVERCAST,DAYLIGHT,PARKED MOTOR VEHICLE,DIVIDED - W/MEDIAN (NOT RAISED),4.0,STRAIGHT AND LEVEL,DRY,NO DEFECTS,ON SCENE,NO INJURY / DRIVE AWAY,,,,"$501 - $1,500",07/05/2018 06:05:00 PM,UNABLE TO DETERMINE,NOT APPLICABLE,130,E,RANDOLPH ST,114,,,,,,,2.0,NO INDICATION OF INJURY,0.0,0.0,0.0,0.0,0.0,1.0,0.0,18,5,7,41.884588371999996,-87.62327256100001,POINT (-87.623272561055 41.884588371969)
14806,JB336973,,2018-07-05 17:10:00,30,NO CONTROLS,NO CONTROLS,CLEAR,DAYLIGHT,SIDESWIPE SAME DIRECTION,NOT DIVIDED,6.0,STRAIGHT AND LEVEL,DRY,NO DEFECTS,NOT ON SCENE (DESK REPORT),NO INJURY / DRIVE AWAY,,,,"$501 - $1,500",07/05/2018 06:40:00 PM,IMPROPER LANE USAGE,NOT APPLICABLE,335,W,WACKER DR,122,,,,,,,2.0,NO INDICATION OF INJURY,0.0,0.0,0.0,0.0,0.0,4.0,0.0,17,5,7,41.885989524,-87.63635337299999,POINT (-87.636353373263 41.885989524262)
14811,JB336877,,2018-07-05 17:02:00,30,NO CONTROLS,NO CONTROLS,CLEAR,DAYLIGHT,REAR END,NOT DIVIDED,2.0,STRAIGHT ON GRADE,DRY,NO DEFECTS,ON SCENE,NO INJURY / DRIVE AWAY,,,N,"OVER $1,500",07/05/2018 05:02:00 PM,IMPROPER BACKING,UNABLE TO DETERMINE,11,E,HUBBARD ST,1834,Y,,,,,,2.0,NO INDICATION OF INJURY,0.0,0.0,0.0,0.0,0.0,2.0,0.0,17,5,7,41.889963868,-87.62750692200001,POINT (-87.627506922359 41.889963868268)
14819,JB337188,Y,2018-07-05 16:30:00,30,NO CONTROLS,NO CONTROLS,CLEAR,DAYLIGHT,PEDALCYCLIST,NOT DIVIDED,2.0,STRAIGHT AND LEVEL,DRY,NO DEFECTS,ON SCENE,INJURY AND / OR TOW DUE TO CRASH,,,,$500 OR LESS,07/05/2018 08:42:00 PM,UNABLE TO DETERMINE,NOT APPLICABLE,200,N,HALSTED ST,1214,,,Y,,,,2.0,INCAPACITATING INJURY,1.0,0.0,1.0,0.0,0.0,0.0,0.0,16,5,7,41.885689616,-87.647621732,POINT (-87.647621731544 41.88568961566)
14822,JB336885,,2018-07-05 16:23:00,30,NO CONTROLS,NO CONTROLS,CLEAR,DAYLIGHT,REAR END,ONE-WAY,2.0,STRAIGHT AND LEVEL,DRY,NO DEFECTS,NOT ON SCENE (DESK REPORT),NO INJURY / DRIVE AWAY,,,Y,"$501 - $1,500",07/05/2018 05:30:00 PM,FAILING TO YIELD RIGHT-OF-WAY,UNABLE TO DETERMINE,205,E,LOWER RANDOLPH ST,114,,,,,,,2.0,NO INDICATION OF INJURY,0.0,0.0,0.0,0.0,0.0,4.0,0.0,16,5,7,41.88429029,-87.62211751299999,POINT (-87.622117512611 41.884290289602)
14827,JB336810,,2018-07-05 16:10:00,30,STOP SIGN/FLASHER,FUNCTIONING PROPERLY,RAIN,DAYLIGHT,ANGLE,OTHER,0.0,STRAIGHT AND LEVEL,WET,UNKNOWN,ON SCENE,INJURY AND / OR TOW DUE TO CRASH,Y,,Y,"OVER $1,500",07/05/2018 04:15:00 PM,FAILING TO YIELD RIGHT-OF-WAY,UNABLE TO DETERMINE,700,W,LAKE ST,1214,,,,,,,2.0,NO INDICATION OF INJURY,0.0,0.0,0.0,0.0,0.0,4.0,0.0,16,5,7,41.885796941,-87.64570080799999,POINT (-87.645700808301 41.885796941486)
14832,JB354775,,2018-07-05 16:00:00,30,NO CONTROLS,NO CONTROLS,CLEAR,DAYLIGHT,SIDESWIPE SAME DIRECTION,NOT DIVIDED,2.0,STRAIGHT AND LEVEL,DRY,NO DEFECTS,NOT ON SCENE (DESK REPORT),NO INJURY / DRIVE AWAY,,,,"$501 - $1,500",07/18/2018 12:00:00 PM,IMPROPER OVERTAKING/PASSING,DRIVING SKILLS/KNOWLEDGE/EXPERIENCE,340,W,WACKER DR,122,,,,,,,2.0,NO INDICATION OF INJURY,0.0,0.0,0.0,0.0,0.0,2.0,0.0,16,5,7,41.886082221,-87.636870144,POINT (-87.636870144138 41.88608222062)
14851,JB343956,,2018-07-05 15:30:00,30,TRAFFIC SIGNAL,FUNCTIONING PROPERLY,CLEAR,DAYLIGHT,PARKED MOTOR VEHICLE,NOT DIVIDED,,STRAIGHT AND LEVEL,WET,NO DEFECTS,NOT ON SCENE (DESK REPORT),NO INJURY / DRIVE AWAY,,,,"OVER $1,500",07/10/2018 04:38:00 PM,IMPROPER LANE USAGE,IMPROPER LANE USAGE,730,S,CLARK ST,123,,,,,,,2.0,NO INDICATION OF INJURY,0.0,0.0,0.0,0.0,0.0,2.0,0.0,15,5,7,41.872780614,-87.63077151200001,POINT (-87.63077151243 41.872780614066)
14888,JB343983,,2018-07-05 14:30:00,15,NO CONTROLS,NO CONTROLS,CLEAR,DAYLIGHT,PARKED MOTOR VEHICLE,PARKING LOT,,STRAIGHT AND LEVEL,DRY,NO DEFECTS,NOT ON SCENE (DESK REPORT),NO INJURY / DRIVE AWAY,,,Y,"OVER $1,500",07/10/2018 04:48:00 PM,UNABLE TO DETERMINE,UNABLE TO DETERMINE,500,N,KINGSBURY ST,1831,,,,,,,2.0,NO INDICATION OF INJURY,0.0,0.0,0.0,0.0,0.0,1.0,0.0,14,5,7,41.890684302,-87.639395283,POINT (-87.63939528337 41.890684302388)
14923,JB339372,,2018-07-05 13:00:00,30,NO CONTROLS,NO CONTROLS,CLEAR,DAYLIGHT,SIDESWIPE SAME DIRECTION,NOT DIVIDED,4.0,STRAIGHT AND LEVEL,DRY,NO DEFECTS,NOT ON SCENE (DESK REPORT),INJURY AND / OR TOW DUE TO CRASH,,,,"OVER $1,500",07/07/2018 12:42:00 PM,FAILING TO YIELD RIGHT-OF-WAY,FAILING TO YIELD RIGHT-OF-WAY,77,W,WACKER DR,111,,,,,,,2.0,NONINCAPACITATING INJURY,2.0,0.0,0.0,1.0,1.0,1.0,0.0,13,5,7,41.886707738,-87.63079457799999,POINT (-87.630794577794 41.886707737973)
14930,JB336482,,2018-07-05 12:41:00,30,NO CONTROLS,NO CONTROLS,CLEAR,DAYLIGHT,REAR END,NOT DIVIDED,2.0,STRAIGHT AND LEVEL,DRY,NO DEFECTS,NOT ON SCENE (DESK REPORT),NO INJURY / DRIVE AWAY,,,,"OVER $1,500",07/05/2018 01:38:00 PM,UNABLE TO DETERMINE,UNABLE TO DETERMINE,55,E,JACKSON BLVD,113,,,,,,,2.0,NO INDICATION OF INJURY,0.0,0.0,0.0,0.0,0.0,2.0,0.0,12,5,7,41.878147859,-87.625572735,POINT (-87.625572734558 41.878147858544)
14951,JB336559,,2018-07-05 11:30:00,0,TRAFFIC SIGNAL,FUNCTIONING PROPERLY,CLEAR,DAYLIGHT,REAR END,DIVIDED - W/MEDIAN (NOT RAISED),,STRAIGHT AND LEVEL,DRY,NO DEFECTS,NOT ON SCENE (DESK REPORT),NO INJURY / DRIVE AWAY,,,,"OVER $1,500",07/05/2018 02:30:00 PM,FOLLOWING TOO CLOSELY,UNABLE TO DETERMINE,700,S,STATE ST,123,,,,,,,2.0,NO INDICATION OF INJURY,0.0,0.0,0.0,0.0,0.0,2.0,0.0,11,5,7,41.873049366,-87.62771142,POINT (-87.627711419764 41.873049366308)
14973,JB336281,,2018-07-05 10:30:00,30,NO CONTROLS,NO CONTROLS,CLEAR,DAYLIGHT,PARKED MOTOR VEHICLE,PARKING LOT,0.0,STRAIGHT AND LEVEL,DRY,NO DEFECTS,NOT ON SCENE (DESK REPORT),NO INJURY / DRIVE AWAY,,,,"$501 - $1,500",07/05/2018 11:25:00 AM,DRIVING SKILLS/KNOWLEDGE/EXPERIENCE,NOT APPLICABLE,808,W,VAN BUREN ST,1232,,,,Y,CONSTRUCTION,,2.0,NO INDICATION OF INJURY,0.0,0.0,0.0,0.0,0.0,1.0,0.0,10,5,7,41.876775163000005,-87.64761342799999,POINT (-87.647613428277 41.876775163444)
14975,JB341871,,2018-07-05 10:20:00,25,NO CONTROLS,NO CONTROLS,CLEAR,DAYLIGHT,SIDESWIPE SAME DIRECTION,NOT DIVIDED,2.0,STRAIGHT AND LEVEL,DRY,NO DEFECTS,NOT ON SCENE (DESK REPORT),NO INJURY / DRIVE AWAY,,,,"$501 - $1,500",07/09/2018 09:45:00 AM,NOT APPLICABLE,NOT APPLICABLE,455,N,ST CLAIR ST,1834,,,,,,,2.0,NO INDICATION OF INJURY,0.0,0.0,0.0,0.0,0.0,2.0,0.0,10,5,7,41.890836664,-87.621595325,POINT (-87.621595324543 41.890836664134)
14990,JB336279,,2018-07-05 09:45:00,30,NO CONTROLS,NO CONTROLS,CLEAR,DAYLIGHT,PARKED MOTOR VEHICLE,DRIVEWAY,1.0,STRAIGHT AND LEVEL,DRY,UNKNOWN,NOT ON SCENE (DESK REPORT),NO INJURY / DRIVE AWAY,Y,,,"$501 - $1,500",07/05/2018 11:15:00 AM,NOT APPLICABLE,NOT APPLICABLE,815,W,VAN BUREN ST,1232,,,,N,,,2.0,NO INDICATION OF INJURY,0.0,0.0,0.0,0.0,0.0,1.0,0.0,9,5,7,41.876551662,-87.647869703,POINT (-87.647869703365 41.876551661743)
15020,JB342069,,2018-07-05 08:30:00,0,TRAFFIC SIGNAL,FUNCTIONING PROPERLY,CLEAR,DAYLIGHT,SIDESWIPE SAME DIRECTION,NOT DIVIDED,,STRAIGHT AND LEVEL,DRY,NO DEFECTS,NOT ON SCENE (DESK REPORT),NO INJURY / DRIVE AWAY,,,,"OVER $1,500",07/09/2018 12:00:00 PM,IMPROPER OVERTAKING/PASSING,DRIVING SKILLS/KNOWLEDGE/EXPERIENCE,800,S,CLARK ST,123,,,,,,,2.0,NO INDICATION OF INJURY,0.0,0.0,0.0,0.0,0.0,2.0,0.0,8,5,7,41.872164396,-87.630755777,POINT (-87.630755776917 41.872164396052)
15037,JB336532,,2018-07-05 07:40:00,15,NO CONTROLS,NO CONTROLS,CLEAR,DAYLIGHT,FIXED OBJECT,ALLEY,1.0,STRAIGHT AND LEVEL,DRY,NO DEFECTS,NOT ON SCENE (DESK REPORT),NO INJURY / DRIVE AWAY,,Y,,$500 OR LESS,07/05/2018 01:50:00 PM,UNABLE TO DETERMINE,NOT APPLICABLE,121,N,LA SALLE ST,122,,,,,,,1.0,NO INDICATION OF INJURY,0.0,0.0,0.0,0.0,0.0,1.0,0.0,7,5,7,41.883764598,-87.632275354,POINT (-87.632275353537 41.883764598103)
15039,JB340056,,2018-07-05 07:30:00,5,NO CONTROLS,NO CONTROLS,UNKNOWN,DAYLIGHT,FIXED OBJECT,PARKING LOT,,STRAIGHT AND LEVEL,UNKNOWN,NO DEFECTS,NOT ON SCENE (DESK REPORT),NO INJURY / DRIVE AWAY,,Y,,"$501 - $1,500",07/07/2018 10:30:00 PM,UNABLE TO DETERMINE,UNABLE TO DETERMINE,801,S,FINANCIAL PL,123,,,,,,,1.0,NO INDICATION OF INJURY,0.0,0.0,0.0,0.0,0.0,1.0,0.0,7,5,7,41.872102297,-87.632797134,POINT (-87.632797133964 41.872102296637)
15093,JB335786,,2018-07-05 00:50:00,30,TRAFFIC SIGNAL,FUNCTIONING PROPERLY,CLEAR,"DARKNESS, LIGHTED ROAD",TURNING,ONE-WAY,3.0,STRAIGHT AND LEVEL,DRY,NO DEFECTS,NOT ON SCENE (DESK REPORT),NO INJURY / DRIVE AWAY,Y,,Y,$500 OR LESS,07/05/2018 01:22:00 AM,IMPROPER LANE USAGE,UNABLE TO DETERMINE,336,N,ORLEANS ST,1831,,,,,,,2.0,NO INDICATION OF INJURY,0.0,0.0,0.0,0.0,0.0,2.0,0.0,0,5,7,41.888242436999995,-87.636768207,POINT (-87.636768206513 41.888242436632)
15097,JB335777,,2018-07-05 00:35:00,30,TRAFFIC SIGNAL,FUNCTIONING PROPERLY,RAIN,"DARKNESS, LIGHTED ROAD",ANGLE,NOT DIVIDED,2.0,STRAIGHT AND LEVEL,WET,NO DEFECTS,NOT ON SCENE (DESK REPORT),NO INJURY / DRIVE AWAY,Y,,,"OVER $1,500",07/05/2018 01:10:00 AM,UNABLE TO DETERMINE,NOT APPLICABLE,100,W,WACKER DR,122,,,,,,,2.0,NO INDICATION OF INJURY,0.0,0.0,0.0,0.0,0.0,2.0,0.0,0,5,7,41.887041769,-87.631078213,POINT (-87.631078212725 41.88704176906)
15228,JB335402,,2018-07-04 19:09:00,30,TRAFFIC SIGNAL,FUNCTIONING IMPROPERLY,CLEAR,DAYLIGHT,REAR END,ONE-WAY,,STRAIGHT AND LEVEL,DRY,NO DEFECTS,NOT ON SCENE (DESK REPORT),NO INJURY / DRIVE AWAY,,,,$500 OR LESS,07/04/2018 07:49:00 PM,FAILING TO YIELD RIGHT-OF-WAY,FAILING TO REDUCE SPEED TO AVOID CRASH,400,S,CLARK ST,122,,,,,,,2.0,NO INDICATION OF INJURY,0.0,0.0,0.0,0.0,0.0,2.0,0.0,19,4,7,41.876818253,-87.6308945,POINT (-87.630894500009 41.876818253091)
15231,JB336675,,2018-07-04 19:00:00,30,TRAFFIC SIGNAL,FUNCTIONING PROPERLY,RAIN,DAYLIGHT,REAR END,NOT DIVIDED,4.0,STRAIGHT AND LEVEL,WET,NO DEFECTS,NOT ON SCENE (DESK REPORT),NO INJURY / DRIVE AWAY,Y,,,"OVER $1,500",07/05/2018 03:00:00 PM,IMPROPER BACKING,UNABLE TO DETERMINE,338,S,CLARK ST,122,,,,,,,2.0,NO INDICATION OF INJURY,0.0,0.0,0.0,0.0,0.0,2.0,0.0,19,4,7,41.877217830999996,-87.63090572200001,POINT (-87.630905722474 41.877217830775)
15263,JB335238,,2018-07-04 16:50:00,30,TRAFFIC SIGNAL,FUNCTIONING PROPERLY,CLEAR,DAYLIGHT,ANGLE,ONE-WAY,0.0,STRAIGHT AND LEVEL,DRY,NO DEFECTS,ON SCENE,INJURY AND / OR TOW DUE TO CRASH,Y,,,"OVER $1,500",07/04/2018 05:00:00 PM,DISREGARDING TRAFFIC SIGNALS,FAILING TO YIELD RIGHT-OF-WAY,100,S,FRANKLIN ST,122,,,,,,,2.0,NO INDICATION OF INJURY,0.0,0.0,0.0,0.0,0.0,4.0,0.0,16,4,7,41.88057459,-87.635426148,POINT (-87.635426148449 41.880574589715)
15281,JB338145,,2018-07-04 16:00:00,30,TRAFFIC SIGNAL,FUNCTIONING PROPERLY,CLEAR,DAYLIGHT,TURNING,NOT DIVIDED,4.0,STRAIGHT AND LEVEL,DRY,NO DEFECTS,NOT ON SCENE (DESK REPORT),NO INJURY / DRIVE AWAY,Y,,,"OVER $1,500",07/06/2018 03:45:00 PM,IMPROPER TURNING/NO SIGNAL,NOT APPLICABLE,350,N,LA SALLE DR,1831,,,,,,,2.0,NO INDICATION OF INJURY,0.0,0.0,0.0,0.0,0.0,2.0,0.0,16,4,7,41.88887789,-87.632662396,POINT (-87.632662396398 41.888877890279)
15433,JB334440,,2018-07-03 23:30:00,30,TRAFFIC SIGNAL,FUNCTIONING PROPERLY,CLEAR,"DARKNESS, LIGHTED ROAD",REAR END,DIVIDED - W/MEDIAN BARRIER,3.0,STRAIGHT AND LEVEL,DRY,NO DEFECTS,ON SCENE,NO INJURY / DRIVE AWAY,,,Y,$500 OR LESS,07/03/2018 11:32:00 PM,IMPROPER BACKING,IMPROPER BACKING,305,N,MICHIGAN AVE,114,,,,,,,2.0,NO INDICATION OF INJURY,0.0,0.0,0.0,0.0,0.0,6.0,0.0,23,3,7,41.886962955,-87.624393589,POINT (-87.624393589117 41.886962955469)
15455,JB334366,,2018-07-03 21:50:00,30,NO CONTROLS,NO CONTROLS,CLEAR,DARKNESS,SIDESWIPE SAME DIRECTION,ONE-WAY,2.0,STRAIGHT AND LEVEL,DRY,NO DEFECTS,NOT ON SCENE (DESK REPORT),NO INJURY / DRIVE AWAY,,,,"$501 - $1,500",07/03/2018 10:35:00 PM,IMPROPER LANE USAGE,UNABLE TO DETERMINE,30,E,WASHINGTON ST,111,,,,,,,2.0,NO INDICATION OF INJURY,0.0,0.0,0.0,0.0,0.0,2.0,0.0,21,3,7,41.883329101,-87.62681992799999,POINT (-87.626819928268 41.883329101345)
15460,JB334350,,2018-07-03 21:30:00,30,NO CONTROLS,NO CONTROLS,CLEAR,"DARKNESS, LIGHTED ROAD",SIDESWIPE SAME DIRECTION,NOT DIVIDED,3.0,STRAIGHT AND LEVEL,DRY,NO DEFECTS,NOT ON SCENE (DESK REPORT),NO INJURY / DRIVE AWAY,,,,"OVER $1,500",07/03/2018 10:00:00 PM,UNABLE TO DETERMINE,NOT APPLICABLE,232,S,FRANKLIN ST,122,,,,,,,2.0,NO INDICATION OF INJURY,0.0,0.0,0.0,0.0,0.0,2.0,0.0,21,3,7,41.878454082,-87.63535775,POINT (-87.635357749837 41.878454082477)
15477,JB335523,,2018-07-03 20:00:00,30,TRAFFIC SIGNAL,FUNCTIONING PROPERLY,CLEAR,"DARKNESS, LIGHTED ROAD",REAR END,NOT DIVIDED,2.0,STRAIGHT AND LEVEL,DRY,NO DEFECTS,NOT ON SCENE (DESK REPORT),NO INJURY / DRIVE AWAY,,,,$500 OR LESS,07/04/2018 10:23:00 PM,FOLLOWING TOO CLOSELY,NOT APPLICABLE,100,N,HALSTED ST,1224,,,,,,,2.0,NO INDICATION OF INJURY,0.0,0.0,0.0,0.0,0.0,2.0,0.0,20,3,7,41.883165736,-87.647551653,POINT (-87.647551652718 41.883165735675)
15484,JB334190,,2018-07-03 19:38:00,30,NO CONTROLS,OTHER,CLEAR,DAYLIGHT,SIDESWIPE SAME DIRECTION,DIVIDED - W/MEDIAN BARRIER,6.0,STRAIGHT AND LEVEL,DRY,NO DEFECTS,ON SCENE,NO INJURY / DRIVE AWAY,,,,"$501 - $1,500",07/03/2018 07:45:00 PM,NOT APPLICABLE,NOT APPLICABLE,430,S,MICHIGAN AVE,113,,,,,,,2.0,NO INDICATION OF INJURY,0.0,0.0,0.0,0.0,0.0,2.0,0.0,19,3,7,41.876248128,-87.624419185,POINT (-87.624419184591 41.876248128036)
15590,JB333855,,2018-07-03 16:10:00,30,NO CONTROLS,NO CONTROLS,CLEAR,DAYLIGHT,SIDESWIPE SAME DIRECTION,NOT DIVIDED,4.0,STRAIGHT AND LEVEL,DRY,NO DEFECTS,ON SCENE,INJURY AND / OR TOW DUE TO CRASH,,,,"OVER $1,500",07/03/2018 04:20:00 PM,FAILING TO REDUCE SPEED TO AVOID CRASH,UNABLE TO DETERMINE,416,W,POLK ST,124,,,,,,,2.0,NO INDICATION OF INJURY,0.0,0.0,0.0,0.0,0.0,2.0,0.0,16,3,7,41.872149509,-87.638485038,POINT (-87.638485038272 41.872149508561)
15600,JB333963,,2018-07-03 15:55:00,30,NO CONTROLS,NO CONTROLS,CLEAR,DAYLIGHT,TURNING,ONE-WAY,3.0,STRAIGHT AND LEVEL,DRY,NO DEFECTS,NOT ON SCENE (DESK REPORT),NO INJURY / DRIVE AWAY,Y,,,"OVER $1,500",07/03/2018 04:50:00 PM,FAILING TO YIELD RIGHT-OF-WAY,NOT APPLICABLE,400,S,CONGRESS PLAZA DR,114,,,,,,,2.0,NO INDICATION OF INJURY,0.0,0.0,0.0,0.0,0.0,5.0,0.0,15,3,7,41.876913829,-87.62431141799999,POINT (-87.624311418003 41.876913828568)
15624,JB333814,,2018-07-03 15:12:00,5,NO CONTROLS,NO CONTROLS,UNKNOWN,UNKNOWN,REAR END,PARKING LOT,1.0,STRAIGHT AND LEVEL,UNKNOWN,UNKNOWN,NOT ON SCENE (DESK REPORT),NO INJURY / DRIVE AWAY,,,,$500 OR LESS,07/03/2018 04:05:00 PM,UNABLE TO DETERMINE,NOT APPLICABLE,318,S,FEDERAL ST,113,,,,,,,2.0,NO INDICATION OF INJURY,0.0,0.0,0.0,0.0,0.0,2.0,0.0,15,3,7,41.877626241,-87.629861971,POINT (-87.629861971218 41.877626240947)
15640,JB333881,,2018-07-03 14:30:00,30,TRAFFIC SIGNAL,FUNCTIONING PROPERLY,CLEAR,DAYLIGHT,PEDALCYCLIST,UNKNOWN,,STRAIGHT AND LEVEL,DRY,UNKNOWN,NOT ON SCENE (DESK REPORT),INJURY AND / OR TOW DUE TO CRASH,Y,,,"OVER $1,500",07/03/2018 04:18:00 PM,UNABLE TO DETERMINE,UNABLE TO DETERMINE,200,W,HARRISON ST,123,,Y,,,,,2.0,NONINCAPACITATING INJURY,1.0,0.0,0.0,1.0,0.0,1.0,0.0,14,3,7,41.874590031,-87.633704185,POINT (-87.633704184958 41.874590031007)
15649,JB333733,,2018-07-03 14:15:00,30,NO CONTROLS,NO CONTROLS,CLEAR,DAYLIGHT,SIDESWIPE SAME DIRECTION,ONE-WAY,,STRAIGHT AND LEVEL,DRY,NO DEFECTS,NOT ON SCENE (DESK REPORT),NO INJURY / DRIVE AWAY,,,,$500 OR LESS,07/03/2018 03:19:00 PM,UNABLE TO DETERMINE,FAILING TO REDUCE SPEED TO AVOID CRASH,32,S,WELLS ST,122,,,,,,,2.0,NO INDICATION OF INJURY,0.0,0.0,0.0,0.0,0.0,2.0,0.0,14,3,7,41.881032224,-87.63395056200001,POINT (-87.633950562261 41.881032223747)
15669,JB333619,,2018-07-03 13:47:00,30,TRAFFIC SIGNAL,FUNCTIONING PROPERLY,CLEAR,DAYLIGHT,REAR END,NOT DIVIDED,,STRAIGHT AND LEVEL,DRY,NO DEFECTS,ON SCENE,INJURY AND / OR TOW DUE TO CRASH,,,,"$501 - $1,500",07/03/2018 01:48:00 PM,FOLLOWING TOO CLOSELY,UNABLE TO DETERMINE,150,N,STATE ST,111,,,,,,,2.0,NO INDICATION OF INJURY,0.0,0.0,0.0,0.0,0.0,2.0,0.0,13,3,7,41.884520556,-87.62805828200001,POINT (-87.628058282128 41.8845205564)
15676,JB333621,,2018-07-03 13:30:00,30,STOP SIGN/FLASHER,FUNCTIONING PROPERLY,CLEAR,DAYLIGHT,REAR END,ONE-WAY,2.0,STRAIGHT AND LEVEL,DRY,NO DEFECTS,NOT ON SCENE (DESK REPORT),NO INJURY / DRIVE AWAY,Y,,,"OVER $1,500",07/03/2018 01:55:00 PM,FOLLOWING TOO CLOSELY,NOT APPLICABLE,6,N,CLINTON ST,121,,,,,,,2.0,NO INDICATION OF INJURY,0.0,0.0,0.0,0.0,0.0,2.0,0.0,13,3,7,41.882048228,-87.641345361,POINT (-87.641345361322 41.882048228271)